code,LISA_Cluster,LISA_P_Value
E01000037,0,0.447
E01033729,0,0.355
E01000038,0,0.476
E01033730,3,0.006
E01000039,0,0.093
E01033731,0,0.055
E01000040,0,0.312
E01033732,0,0.087
E01000041,0,0.376
E01033733,3,0.017
E01000042,0,0.123
E01033734,3,0.005
E01000043,0,0.241
E01033735,3,0.008
E01000044,0,0.36
E01033736,3,0.002
E01000045,0,0.118
E01033737,3,0.001
E01000123,0,0.265
E01033738,4,0.028
E01033739,3,0.001
E01000001,1,0.001
E01033740,3,0.002
E01000002,1,0.001
E01033741,3,0.011
E01000003,0,0.277
E01033742,3,0.016
E01000005,1,0.002
E01000006,0,0.329
E01033743,3,0.001
E01000007,0,0.125
E01033744,3,0.008
E01000008,3,0.031
E01033745,3,0.001
E01000009,0,0.362
E01033746,3,0.003
E01000010,0,0.332
E01000011,0,0.198
E01000012,0,0.355
E01000013,0,0.204
E01000014,1,0.043
E01000015,0,0.153
E01000016,1,0.041
E01000017,1,0.027
E01000018,0,0.197
E01000019,1,0.015
E01000020,1,0.002
E01000021,1,0.022
E01000022,1,0.016
E01000023,2,0.045
E01000024,1,0.009
E01000025,0,0.104
E01000027,0,0.451
E01000028,0,0.356
E01000029,0,0.18
E01000030,0,0.192
E01000031,0,0.194
E01000032,1,0.011
E01000033,0,0.364
E01000034,0,0.147
E01000035,0,0.159
E01000036,0,0.387
E01000046,1,0.03
E01000048,0,0.369
E01000049,3,0.004
E01000050,0,0.081
E01000051,4,0.013
E01000052,0,0.343
E01000053,1,0.009
E01000054,1,0.02
E01000055,1,0.043
E01000056,1,0.029
E01000057,0,0.056
E01000058,1,0.034
E01000059,1,0.017
E01000060,0,0.086
E01000061,0,0.159
E01000062,1,0.045
E01000063,1,0.042
E01000064,0,0.062
E01000065,1,0.014
E01000066,0,0.306
E01000067,1,0.015
E01000068,0,0.376
E01000069,0,0.217
E01000070,0,0.226
E01000071,0,0.109
E01000072,0,0.25
E01000073,0,0.339
E01000074,0,0.148
E01000075,2,0.012
E01000076,0,0.142
E01000077,1,0.004
E01000078,1,0.019
E01000079,0,0.054
E01000080,1,0.05
E01000081,1,0.025
E01000082,1,0.012
E01000083,1,0.019
E01000084,0,0.087
E01000085,0,0.055
E01000086,1,0.014
E01000087,1,0.016
E01000088,0,0.08
E01000089,0,0.199
E01000090,0,0.454
E01000091,0,0.116
E01000092,3,0.001
E01000093,0,0.353
E01000094,0,0.167
E01000095,0,0.297
E01000096,0,0.224
E01000097,0,0.251
E01000098,0,0.127
E01000099,0,0.154
E01000100,0,0.068
E01000101,0,0.119
E01000102,1,0.013
E01000103,0,0.199
E01000104,0,0.436
E01000105,0,0.274
E01000106,0,0.371
E01000107,0,0.498
E01000108,0,0.443
E01000109,0,0.085
E01000110,0,0.419
E01000111,0,0.185
E01000112,0,0.114
E01000113,0,0.464
E01000114,0,0.448
E01000115,0,0.289
E01000116,0,0.053
E01000117,0,0.227
E01000118,0,0.114
E01000119,0,0.186
E01000120,0,0.068
E01000121,0,0.051
E01000122,0,0.496
E01000124,0,0.49
E01000125,2,0.035
E01000126,0,0.116
E01000127,0,0.371
E01000128,0,0.263
E01000129,0,0.293
E01000130,0,0.354
E01000131,3,0.017
E01000132,0,0.167
E01000133,0,0.404
E01000134,0,0.437
E01000135,0,0.25
E01000136,3,0.017
E01000137,0,0.36
E01000138,0,0.248
E01000139,0,0.146
E01000140,0,0.199
E01000141,0,0.197
E01000142,0,0.456
E01000143,3,0.032
E01000144,0,0.372
E01000145,0,0.385
E01000146,0,0.107
E01000147,0,0.065
E01000148,0,0.054
E01000150,0,0.386
E01000151,0,0.184
E01000152,0,0.052
E01000153,0,0.407
E01000154,4,0.003
E01000155,3,0.008
E01000156,4,0.042
E01000157,4,0.036
E01000158,0,0.304
E01000159,0,0.205
E01000160,0,0.155
E01000161,0,0.458
E01000162,0,0.149
E01000163,0,0.052
E01000164,0,0.129
E01000165,0,0.172
E01000166,0,0.195
E01000167,0,0.489
E01000168,0,0.283
E01000169,0,0.176
E01000170,0,0.098
E01000171,0,0.118
E01000172,0,0.056
E01000173,0,0.281
E01000174,0,0.237
E01000175,2,0.041
E01000176,0,0.319
E01000177,0,0.398
E01000178,0,0.068
E01000179,0,0.294
E01000180,0,0.408
E01000181,0,0.117
E01000182,0,0.298
E01000183,0,0.49
E01000184,3,0.026
E01000185,0,0.191
E01000186,1,0.003
E01000187,1,0.036
E01000189,1,0.029
E01000190,1,0.045
E01000191,1,0.014
E01000192,1,0.002
E01000193,1,0.005
E01000194,0,0.256
E01000195,0,0.056
E01000196,0,0.408
E01000197,0,0.479
E01000198,0,0.406
E01000199,0,0.259
E01000200,0,0.313
E01000201,0,0.287
E01000202,0,0.395
E01000203,0,0.434
E01000204,0,0.106
E01000205,0,0.227
E01000206,3,0.001
E01000207,0,0.311
E01000208,0,0.213
E01000209,0,0.248
E01000210,0,0.301
E01000211,0,0.285
E01000212,0,0.094
E01000213,0,0.334
E01000214,0,0.104
E01000215,0,0.125
E01000216,0,0.468
E01000217,0,0.423
E01000218,0,0.197
E01000219,0,0.11
E01000220,0,0.203
E01000221,0,0.136
E01000222,0,0.196
E01000223,0,0.475
E01000224,0,0.327
E01000225,0,0.403
E01000226,0,0.274
E01000227,1,0.012
E01000228,0,0.163
E01000229,0,0.086
E01000230,1,0.004
E01000231,0,0.321
E01000232,1,0.011
E01000233,0,0.068
E01000234,0,0.086
E01000235,0,0.188
E01000236,0,0.408
E01000237,0,0.349
E01000238,0,0.402
E01000239,0,0.115
E01000240,0,0.119
E01000241,0,0.427
E01000242,0,0.341
E01000243,0,0.444
E01000244,0,0.165
E01000245,0,0.233
E01000246,0,0.371
E01000247,0,0.313
E01000248,0,0.346
E01000249,0,0.104
E01000250,0,0.436
E01000251,0,0.437
E01000252,0,0.309
E01000255,3,0.017
E01000256,0,0.217
E01000257,3,0.021
E01000258,0,0.443
E01000259,3,0.04
E01000260,0,0.086
E01000261,0,0.469
E01000262,0,0.213
E01000263,0,0.415
E01000264,0,0.148
E01000265,0,0.354
E01000266,0,0.425
E01000267,0,0.158
E01000268,0,0.484
E01000269,0,0.316
E01000270,0,0.136
E01000271,0,0.057
E01000272,0,0.126
E01000273,0,0.143
E01000274,0,0.146
E01000275,0,0.334
E01000276,0,0.35
E01000277,0,0.461
E01000278,0,0.157
E01000279,0,0.254
E01000280,0,0.127
E01000281,0,0.478
E01000282,0,0.279
E01000283,0,0.455
E01000284,0,0.441
E01000285,0,0.138
E01000286,0,0.075
E01000287,0,0.198
E01000288,0,0.491
E01000289,0,0.378
E01000291,0,0.261
E01000292,0,0.247
E01000293,0,0.292
E01000294,0,0.052
E01000295,0,0.472
E01000296,0,0.45
E01000297,0,0.414
E01000298,0,0.337
E01000299,0,0.425
E01000300,0,0.283
E01000301,0,0.484
E01000302,0,0.337
E01000303,0,0.076
E01000304,3,0.025
E01000305,0,0.171
E01000306,0,0.288
E01000307,0,0.196
E01000308,0,0.39
E01000309,0,0.329
E01000310,0,0.203
E01000311,0,0.445
E01000312,0,0.435
E01000313,0,0.406
E01000314,0,0.232
E01000315,0,0.2
E01000316,0,0.486
E01000317,0,0.4
E01000318,0,0.292
E01000319,0,0.387
E01000320,0,0.384
E01000321,0,0.341
E01000322,0,0.289
E01000323,0,0.238
E01000324,0,0.348
E01000325,1,0.004
E01000326,1,0.003
E01000327,1,0.008
E01000328,1,0.046
E01000329,0,0.125
E01000330,1,0.017
E01000331,0,0.438
E01000332,0,0.123
E01000333,1,0.015
E01000334,0,0.063
E01000335,0,0.279
E01000336,0,0.064
E01000337,0,0.203
E01000338,0,0.394
E01000339,1,0.003
E01000340,1,0.033
E01000341,1,0.002
E01000342,1,0.012
E01000343,1,0.002
E01000344,1,0.015
E01000345,1,0.002
E01000346,1,0.007
E01000347,1,0.002
E01000348,1,0.01
E01000349,1,0.006
E01000350,1,0.002
E01000351,1,0.002
E01000352,1,0.002
E01000353,1,0.002
E01000354,1,0.002
E01000355,1,0.002
E01000356,1,0.002
E01000357,1,0.002
E01000358,1,0.002
E01000359,1,0.001
E01000360,1,0.003
E01000361,1,0.006
E01000362,0,0.071
E01000363,1,0.031
E01000364,0,0.053
E01000365,1,0.002
E01000366,1,0.002
E01000367,1,0.011
E01000368,1,0.002
E01000369,1,0.002
E01000370,1,0.002
E01000371,1,0.002
E01000372,1,0.015
E01000373,0,0.325
E01000376,0,0.177
E01000377,0,0.053
E01000380,1,0.013
E01000382,0,0.269
E01000384,0,0.282
E01000385,0,0.5
E01000386,0,0.119
E01000387,0,0.145
E01000388,1,0.039
E01000389,1,0.009
E01000390,0,0.061
E01000391,2,0.002
E01000392,1,0.016
E01000393,1,0.002
E01000394,1,0.002
E01000395,0,0.289
E01000396,0,0.166
E01000398,0,0.226
E01000399,1,0.007
E01000400,0,0.136
E01000401,1,0.039
E01000402,1,0.011
E01000403,0,0.172
E01000404,0,0.463
E01000405,0,0.248
E01000406,0,0.241
E01000407,1,0.036
E01000408,0,0.39
E01000409,1,0.01
E01000410,1,0.002
E01000411,1,0.002
E01000412,1,0.002
E01000413,1,0.002
E01000414,1,0.002
E01000415,1,0.002
E01000416,4,0.003
E01000417,0,0.131
E01000418,3,0.016
E01000419,0,0.457
E01000420,0,0.074
E01000421,1,0.002
E01000422,3,0.01
E01000423,0,0.134
E01000424,0,0.379
E01000425,1,0.021
E01000426,0,0.194
E01000427,4,0.022
E01000428,0,0.227
E01000429,0,0.325
E01000431,0,0.337
E01000432,0,0.436
E01000433,0,0.153
E01000435,1,0.014
E01000436,1,0.002
E01000437,1,0.002
E01000438,1,0.011
E01000439,1,0.002
E01000440,1,0.002
E01000441,1,0.002
E01000442,1,0.002
E01000443,0,0.063
E01000445,0,0.14
E01000446,1,0.012
E01000447,0,0.434
E01000448,0,0.107
E01000449,0,0.448
E01000450,0,0.08
E01000451,1,0.025
E01000452,1,0.002
E01000453,1,0.002
E01000454,1,0.007
E01000455,1,0.002
E01000456,1,0.002
E01000457,0,0.294
E01000458,0,0.472
E01000459,0,0.381
E01000460,1,0.004
E01000461,1,0.025
E01000462,2,0.022
E01000463,0,0.131
E01000464,3,0.006
E01000465,3,0.022
E01000466,3,0.011
E01000467,3,0.001
E01000468,3,0.042
E01000469,3,0.002
E01000470,3,0.005
E01000471,1,0.031
E01000472,1,0.013
E01000473,1,0.003
E01000474,1,0.012
E01000475,0,0.051
E01000476,1,0.004
E01000477,1,0.046
E01000478,1,0.015
E01000479,0,0.185
E01000480,0,0.116
E01000481,0,0.268
E01000482,0,0.39
E01000483,0,0.053
E01000484,0,0.072
E01000485,0,0.405
E01000486,0,0.381
E01000487,2,0.015
E01000488,0,0.152
E01000489,0,0.223
E01000490,3,0.01
E01000491,3,0.021
E01000492,0,0.285
E01000493,0,0.435
E01000494,3,0.048
E01000495,3,0.017
E01000497,0,0.377
E01000498,0,0.253
E01000499,0,0.257
E01000501,0,0.403
E01000502,0,0.239
E01000503,0,0.228
E01000504,0,0.419
E01000505,0,0.385
E01000506,0,0.277
E01000507,0,0.297
E01000508,0,0.321
E01000509,0,0.174
E01000510,0,0.466
E01000511,0,0.243
E01000512,0,0.393
E01000513,0,0.289
E01000514,0,0.179
E01000515,0,0.29
E01000516,0,0.462
E01000517,0,0.421
E01000518,0,0.247
E01000519,0,0.124
E01000520,0,0.423
E01000521,0,0.362
E01000522,0,0.066
E01000523,0,0.42
E01000524,0,0.48
E01000525,0,0.348
E01000526,0,0.478
E01000527,0,0.255
E01000528,0,0.468
E01000530,0,0.473
E01000531,0,0.324
E01000532,0,0.412
E01000533,0,0.31
E01000534,0,0.133
E01000535,0,0.329
E01000536,1,0.018
E01000538,1,0.006
E01000539,1,0.014
E01000540,1,0.02
E01000541,1,0.002
E01000543,0,0.197
E01000544,3,0.018
E01000545,0,0.183
E01000546,0,0.089
E01000547,0,0.075
E01000548,0,0.056
E01000549,3,0.028
E01000550,3,0.013
E01000551,0,0.093
E01000552,3,0.011
E01000553,0,0.111
E01000554,0,0.217
E01000555,0,0.217
E01000556,0,0.113
E01000557,0,0.223
E01000558,3,0.026
E01000559,0,0.184
E01000560,3,0.016
E01000561,3,0.015
E01000562,0,0.311
E01000563,0,0.119
E01000564,0,0.296
E01000565,0,0.13
E01000566,0,0.066
E01000567,0,0.288
E01000568,0,0.052
E01000569,0,0.126
E01000570,0,0.15
E01000571,0,0.442
E01000572,0,0.114
E01000573,0,0.108
E01000574,1,0.042
E01000575,0,0.285
E01000576,0,0.413
E01000577,2,0.042
E01000578,0,0.248
E01000579,0,0.22
E01000580,0,0.245
E01000581,0,0.448
E01000582,4,0.015
E01000583,3,0.023
E01000584,0,0.331
E01000585,0,0.429
E01000586,0,0.305
E01000587,0,0.182
E01000588,0,0.378
E01000589,1,0.01
E01000590,0,0.114
E01000591,2,0.015
E01000592,1,0.015
E01000593,1,0.007
E01000594,1,0.006
E01000595,0,0.157
E01000596,0,0.358
E01000599,0,0.07
E01000600,0,0.226
E01000601,0,0.365
E01000602,0,0.324
E01000603,0,0.411
E01000604,0,0.147
E01000605,0,0.449
E01000606,0,0.168
E01000607,0,0.209
E01000608,0,0.153
E01000609,0,0.303
E01000610,0,0.422
E01000611,0,0.387
E01000612,0,0.44
E01000613,0,0.489
E01000615,0,0.261
E01000616,0,0.359
E01000617,0,0.391
E01000618,0,0.115
E01000619,0,0.384
E01000620,0,0.105
E01000621,1,0.016
E01000622,0,0.479
E01000623,0,0.116
E01000624,0,0.486
E01000625,0,0.471
E01000626,0,0.195
E01000627,0,0.432
E01000628,0,0.393
E01000629,0,0.169
E01000630,0,0.116
E01000631,0,0.224
E01000632,1,0.023
E01000633,0,0.428
E01000634,0,0.294
E01000635,0,0.309
E01000636,0,0.306
E01000637,0,0.487
E01000638,0,0.212
E01000639,0,0.468
E01000640,0,0.119
E01000641,0,0.336
E01000642,0,0.253
E01000643,0,0.377
E01000644,0,0.181
E01000645,3,0.003
E01000646,0,0.216
E01000647,0,0.374
E01000648,0,0.19
E01000649,3,0.007
E01000650,0,0.283
E01000651,0,0.467
E01000652,0,0.266
E01000653,3,0.033
E01000655,0,0.455
E01000657,0,0.162
E01000658,0,0.301
E01000659,0,0.351
E01000661,0,0.451
E01000662,0,0.188
E01000663,0,0.072
E01000664,0,0.282
E01000665,3,0.012
E01000666,3,0.008
E01000667,3,0.047
E01000668,0,0.465
E01000669,0,0.205
E01000670,0,0.259
E01000671,0,0.48
E01000672,0,0.342
E01000673,3,0.003
E01000674,0,0.246
E01000675,0,0.165
E01000676,0,0.406
E01000677,0,0.108
E01000678,0,0.419
E01000679,0,0.424
E01000681,0,0.316
E01000682,0,0.393
E01000683,0,0.136
E01000684,0,0.282
E01000685,0,0.279
E01000686,0,0.465
E01000687,0,0.317
E01000688,0,0.362
E01000689,0,0.209
E01000690,0,0.419
E01000691,0,0.17
E01000692,0,0.071
E01000693,3,0.008
E01000694,3,0.016
E01000695,0,0.079
E01000696,3,0.003
E01000697,3,0.005
E01000698,0,0.23
E01000699,0,0.337
E01000700,1,0.027
E01000701,0,0.173
E01000702,0,0.257
E01000703,0,0.35
E01000704,0,0.198
E01000705,0,0.219
E01000706,0,0.125
E01000707,0,0.192
E01000708,1,0.042
E01000709,0,0.148
E01000710,3,0.002
E01000711,3,0.026
E01000712,3,0.001
E01000713,3,0.003
E01000714,3,0.034
E01000715,3,0.023
E01000716,0,0.066
E01000717,0,0.152
E01000718,3,0.004
E01000719,0,0.409
E01000721,0,0.457
E01000722,0,0.444
E01000723,0,0.237
E01000724,0,0.296
E01000725,0,0.098
E01000726,0,0.335
E01000727,0,0.154
E01000728,0,0.423
E01000729,0,0.267
E01000730,0,0.254
E01000731,0,0.491
E01000732,0,0.433
E01000733,0,0.167
E01000734,0,0.102
E01000735,0,0.064
E01000736,0,0.068
E01000737,0,0.377
E01000738,0,0.451
E01000739,0,0.227
E01000740,3,0.002
E01000741,3,0.02
E01000742,3,0.007
E01000743,3,0.035
E01000744,0,0.083
E01000745,3,0.001
E01000746,3,0.005
E01000747,0,0.066
E01000749,0,0.123
E01000750,0,0.221
E01000751,3,0.016
E01000752,0,0.409
E01000753,0,0.415
E01000754,0,0.383
E01000755,0,0.458
E01000756,0,0.059
E01000757,0,0.339
E01000758,0,0.371
E01000759,3,0.003
E01000760,0,0.306
E01000761,0,0.214
E01000762,0,0.171
E01000763,0,0.179
E01000764,0,0.226
E01000765,0,0.114
E01000766,0,0.328
E01000767,0,0.36
E01000768,0,0.486
E01000769,0,0.115
E01000770,0,0.447
E01000771,0,0.424
E01000772,0,0.071
E01000773,0,0.407
E01000774,1,0.034
E01000775,0,0.36
E01000777,0,0.382
E01000778,0,0.093
E01000779,0,0.065
E01000780,0,0.289
E01000781,0,0.362
E01000782,0,0.177
E01000783,0,0.329
E01000784,0,0.311
E01000785,0,0.051
E01000786,0,0.15
E01000787,0,0.183
E01000788,0,0.235
E01000789,0,0.07
E01000790,2,0.03
E01000791,0,0.185
E01000792,0,0.404
E01000793,0,0.225
E01000794,0,0.275
E01000795,0,0.268
E01000796,0,0.316
E01000797,0,0.287
E01000798,0,0.366
E01000799,0,0.356
E01000800,0,0.08
E01000801,0,0.496
E01000802,0,0.086
E01000803,0,0.481
E01000804,0,0.292
E01000805,0,0.412
E01000806,0,0.077
E01000807,0,0.103
E01000808,0,0.309
E01000809,0,0.181
E01000810,0,0.331
E01000811,0,0.089
E01000812,0,0.249
E01000813,0,0.385
E01000814,0,0.471
E01000815,0,0.148
E01000816,0,0.083
E01000818,3,0.005
E01000819,0,0.353
E01000820,0,0.054
E01000822,0,0.449
E01000823,0,0.243
E01000824,0,0.363
E01000825,0,0.237
E01000826,0,0.441
E01000827,0,0.261
E01000828,0,0.342
E01000829,0,0.102
E01000830,0,0.067
E01000831,0,0.423
E01000832,2,0.026
E01000833,0,0.425
E01000834,0,0.133
E01000835,0,0.211
E01000836,0,0.14
E01000837,0,0.458
E01000838,1,0.048
E01000839,0,0.202
E01000840,0,0.121
E01000841,0,0.146
E01000842,3,0.03
E01000843,0,0.101
E01000844,3,0.022
E01000845,0,0.086
E01000846,0,0.064
E01000847,3,0.036
E01000848,0,0.114
E01000849,0,0.057
E01000850,0,0.067
E01000851,0,0.184
E01000852,0,0.178
E01000853,4,0.011
E01000854,0,0.108
E01000855,0,0.461
E01000856,0,0.261
E01000857,0,0.289
E01000858,0,0.354
E01000859,0,0.373
E01000860,0,0.253
E01000861,3,0.005
E01000862,0,0.47
E01000863,0,0.086
E01000864,3,0.014
E01000865,0,0.085
E01000866,0,0.15
E01000867,0,0.113
E01000868,0,0.232
E01000869,3,0.029
E01000870,0,0.102
E01000871,3,0.034
E01000872,3,0.017
E01000873,0,0.065
E01000874,0,0.153
E01000875,3,0.026
E01000876,0,0.137
E01000877,0,0.071
E01000878,0,0.056
E01000879,0,0.104
E01000880,3,0.008
E01000881,3,0.037
E01000882,0,0.084
E01000883,3,0.008
E01000884,3,0.004
E01000885,3,0.008
E01000886,4,0.014
E01000887,3,0.042
E01000888,3,0.018
E01000889,3,0.042
E01000890,0,0.141
E01000891,0,0.136
E01000892,0,0.053
E01000893,3,0.002
E01000894,3,0.01
E01000895,3,0.031
E01000896,0,0.056
E01000897,0,0.073
E01000898,0,0.133
E01000899,3,0.002
E01000900,3,0.008
E01000901,0,0.116
E01000902,0,0.11
E01000903,3,0.035
E01000904,0,0.11
E01000905,0,0.096
E01000906,3,0.019
E01000907,3,0.009
E01000908,3,0.002
E01000909,3,0.002
E01000910,0,0.054
E01000911,0,0.052
E01000912,3,0.023
E01000913,3,0.001
E01000914,1,0.039
E01000915,0,0.215
E01000916,1,0.013
E01000917,2,0.004
E01000918,0,0.131
E01000919,2,0.002
E01000920,0,0.266
E01000921,0,0.26
E01000922,0,0.176
E01000923,0,0.209
E01000924,0,0.118
E01000925,0,0.237
E01000926,3,0.022
E01000927,0,0.066
E01000928,0,0.052
E01000929,3,0.008
E01000930,3,0.004
E01000931,3,0.023
E01000932,0,0.055
E01000933,3,0.012
E01000934,3,0.01
E01000935,3,0.024
E01000936,0,0.13
E01000937,0,0.43
E01000938,0,0.151
E01000939,3,0.026
E01000940,3,0.049
E01000941,4,0.004
E01000942,0,0.259
E01000943,3,0.012
E01000944,0,0.141
E01000945,4,0.027
E01000946,3,0.004
E01000947,0,0.14
E01000948,3,0.039
E01000949,0,0.125
E01000950,3,0.034
E01000951,3,0.045
E01000952,3,0.027
E01000953,4,0.043
E01000954,0,0.322
E01000955,0,0.495
E01000956,0,0.16
E01000957,0,0.071
E01000958,0,0.124
E01000959,3,0.024
E01000960,3,0.008
E01000961,3,0.012
E01000962,3,0.009
E01000963,3,0.013
E01000964,3,0.011
E01000965,3,0.048
E01000966,3,0.03
E01000967,3,0.036
E01000968,3,0.044
E01000969,3,0.009
E01000970,0,0.15
E01000971,0,0.234
E01000972,3,0.005
E01000973,3,0.017
E01000974,3,0.008
E01000975,0,0.136
E01000976,0,0.379
E01000977,0,0.423
E01000978,0,0.32
E01000979,0,0.477
E01000980,0,0.159
E01000981,1,0.04
E01000982,0,0.063
E01000983,0,0.097
E01000984,0,0.139
E01000985,0,0.089
E01000986,1,0.023
E01000987,0,0.095
E01000989,0,0.065
E01000990,0,0.465
E01000991,0,0.139
E01000992,2,0.009
E01000993,1,0.048
E01000994,1,0.019
E01000995,1,0.003
E01000996,1,0.004
E01000997,1,0.002
E01000998,1,0.003
E01000999,1,0.002
E01001000,1,0.044
E01001001,1,0.036
E01001002,0,0.053
E01001003,1,0.004
E01001004,2,0.009
E01001005,0,0.067
E01001006,1,0.002
E01001007,1,0.04
E01001008,1,0.006
E01001009,1,0.037
E01001010,0,0.091
E01001011,0,0.051
E01001012,0,0.179
E01001013,0,0.284
E01001014,0,0.101
E01001015,0,0.112
E01001016,0,0.163
E01001018,0,0.086
E01001019,0,0.103
E01001020,0,0.099
E01001023,0,0.111
E01001024,1,0.05
E01001028,1,0.014
E01001029,0,0.383
E01001030,0,0.127
E01001031,1,0.026
E01001032,0,0.389
E01001033,0,0.329
E01001034,0,0.14
E01001035,0,0.077
E01001036,0,0.213
E01001037,0,0.126
E01001038,0,0.386
E01001039,0,0.469
E01001040,0,0.462
E01001041,0,0.457
E01001042,0,0.054
E01001043,0,0.057
E01001044,0,0.071
E01001045,0,0.065
E01001046,0,0.145
E01001047,0,0.278
E01001048,0,0.18
E01001049,0,0.181
E01001050,0,0.194
E01001051,0,0.131
E01001052,0,0.276
E01001053,0,0.369
E01001054,0,0.275
E01001055,0,0.096
E01001056,0,0.397
E01001057,0,0.498
E01001058,0,0.471
E01001059,0,0.075
E01001061,0,0.474
E01001062,0,0.182
E01001063,1,0.05
E01001064,0,0.215
E01001065,0,0.148
E01001066,0,0.097
E01001067,0,0.46
E01001068,0,0.439
E01001069,0,0.388
E01001070,0,0.309
E01001073,0,0.431
E01001074,0,0.183
E01001075,0,0.415
E01001076,0,0.453
E01001077,0,0.407
E01001078,0,0.295
E01001079,0,0.147
E01001080,0,0.431
E01001082,0,0.449
E01001083,0,0.496
E01001084,0,0.31
E01001085,0,0.291
E01001086,0,0.195
E01001087,0,0.084
E01001088,0,0.163
E01001089,0,0.464
E01001090,0,0.26
E01001091,0,0.085
E01001092,0,0.428
E01001093,0,0.495
E01001094,1,0.05
E01001095,0,0.061
E01001096,0,0.222
E01001097,0,0.175
E01001098,0,0.37
E01001099,0,0.48
E01001100,0,0.152
E01001101,0,0.155
E01001102,1,0.028
E01001103,0,0.127
E01001107,2,0.02
E01001108,0,0.075
E01001109,0,0.397
E01001110,0,0.418
E01001111,0,0.208
E01001112,0,0.414
E01001113,0,0.233
E01001114,1,0.039
E01001115,0,0.253
E01001116,0,0.19
E01001117,2,0.009
E01001118,0,0.321
E01001120,0,0.071
E01001122,0,0.422
E01001123,0,0.185
E01001124,0,0.233
E01001125,0,0.201
E01001126,0,0.281
E01001127,0,0.159
E01001128,0,0.394
E01001129,0,0.104
E01001130,0,0.382
E01001131,1,0.036
E01001132,0,0.056
E01001133,0,0.069
E01001134,1,0.006
E01001135,0,0.207
E01001136,0,0.478
E01001137,3,0.02
E01001138,3,0.002
E01001139,0,0.283
E01001140,0,0.066
E01001141,0,0.245
E01001142,0,0.161
E01001143,0,0.422
E01001144,0,0.466
E01001145,0,0.303
E01001146,0,0.166
E01001147,0,0.104
E01001148,0,0.07
E01001149,0,0.413
E01001150,0,0.498
E01001151,0,0.068
E01001152,1,0.012
E01001153,0,0.235
E01001154,0,0.317
E01001155,2,0.018
E01001156,3,0.023
E01001157,0,0.225
E01001158,0,0.33
E01001159,0,0.304
E01001160,0,0.428
E01001161,0,0.162
E01001162,0,0.065
E01001163,0,0.058
E01001164,3,0.023
E01001165,0,0.298
E01001166,0,0.216
E01001167,2,0.034
E01001168,0,0.383
E01001169,0,0.263
E01001170,0,0.496
E01001171,0,0.371
E01001172,0,0.476
E01001173,0,0.195
E01001174,1,0.029
E01001175,1,0.004
E01001176,1,0.004
E01001177,1,0.006
E01001178,0,0.067
E01001179,1,0.02
E01001180,1,0.003
E01001181,1,0.031
E01001182,1,0.026
E01001183,1,0.002
E01001184,1,0.014
E01001185,0,0.111
E01001186,0,0.294
E01001187,0,0.305
E01001188,0,0.365
E01001189,0,0.455
E01001190,0,0.455
E01001191,0,0.393
E01001192,0,0.402
E01001193,0,0.483
E01001194,0,0.248
E01001195,0,0.39
E01001196,0,0.326
E01001197,0,0.227
E01001198,0,0.201
E01001199,0,0.496
E01001200,0,0.439
E01001201,0,0.252
E01001202,0,0.483
E01001203,0,0.251
E01001204,0,0.431
E01001205,0,0.493
E01001206,0,0.366
E01001207,0,0.363
E01001208,0,0.414
E01001209,0,0.405
E01001210,0,0.433
E01001211,0,0.303
E01001212,0,0.441
E01001213,1,0.003
E01001214,1,0.004
E01001215,1,0.002
E01001216,0,0.051
E01001217,1,0.003
E01001218,0,0.155
E01001219,0,0.094
E01001220,0,0.35
E01001221,0,0.079
E01001222,0,0.483
E01001223,0,0.088
E01001224,0,0.362
E01001225,0,0.304
E01001226,0,0.362
E01001227,0,0.167
E01001228,0,0.238
E01001229,0,0.419
E01001230,0,0.318
E01001231,0,0.203
E01001232,0,0.266
E01001233,0,0.444
E01001234,0,0.317
E01001235,0,0.397
E01001236,0,0.372
E01001237,0,0.454
E01001238,0,0.433
E01001239,3,0.035
E01001240,3,0.014
E01001241,3,0.033
E01001242,0,0.189
E01001243,0,0.107
E01001244,0,0.421
E01001245,0,0.068
E01001246,0,0.109
E01001247,0,0.127
E01001248,0,0.223
E01001249,0,0.388
E01001250,0,0.173
E01001251,0,0.143
E01001252,0,0.248
E01001253,0,0.353
E01001254,0,0.399
E01001255,0,0.104
E01001257,0,0.467
E01001258,0,0.059
E01001259,1,0.032
E01001260,0,0.433
E01001261,0,0.185
E01001262,0,0.151
E01001263,0,0.373
E01001264,0,0.22
E01001265,0,0.281
E01001266,0,0.474
E01001267,0,0.11
E01001268,0,0.271
E01001269,0,0.332
E01001270,1,0.045
E01001271,0,0.184
E01001272,0,0.119
E01001273,0,0.163
E01001274,0,0.425
E01001275,0,0.19
E01001276,0,0.382
E01001277,0,0.246
E01001278,0,0.117
E01001279,0,0.161
E01001280,0,0.399
E01001281,0,0.202
E01001282,0,0.274
E01001283,0,0.306
E01001284,0,0.188
E01001285,0,0.459
E01001286,0,0.238
E01001287,0,0.3
E01001288,0,0.302
E01001289,0,0.418
E01001290,0,0.483
E01001291,1,0.004
E01001292,1,0.023
E01001293,1,0.002
E01001294,1,0.006
E01001295,1,0.001
E01001296,1,0.002
E01001297,1,0.002
E01001298,1,0.002
E01001299,0,0.327
E01001300,0,0.354
E01001301,0,0.185
E01001302,0,0.099
E01001303,0,0.177
E01001304,0,0.254
E01001305,1,0.038
E01001306,1,0.034
E01001307,0,0.345
E01001308,0,0.055
E01001309,0,0.453
E01001310,0,0.062
E01001311,0,0.247
E01001312,0,0.404
E01001313,0,0.394
E01001314,0,0.36
E01001315,0,0.053
E01001316,2,0.023
E01001317,0,0.362
E01001318,0,0.077
E01001319,0,0.231
E01001320,0,0.313
E01001321,0,0.298
E01001322,0,0.22
E01001323,0,0.394
E01001324,0,0.425
E01001325,0,0.151
E01001326,0,0.484
E01001327,0,0.416
E01001328,0,0.469
E01001329,0,0.291
E01001330,0,0.496
E01001331,0,0.228
E01001332,0,0.439
E01001333,1,0.031
E01001334,1,0.015
E01001335,1,0.044
E01001336,1,0.003
E01001337,0,0.366
E01001338,0,0.083
E01001339,0,0.363
E01001340,0,0.489
E01001341,1,0.015
E01001342,1,0.025
E01001343,0,0.398
E01001344,0,0.153
E01001345,0,0.059
E01001346,0,0.413
E01001347,0,0.149
E01001348,0,0.335
E01001349,0,0.4
E01001350,0,0.232
E01001351,0,0.122
E01001352,0,0.247
E01001353,0,0.227
E01001354,0,0.267
E01001355,0,0.111
E01001356,0,0.228
E01001357,0,0.493
E01001358,0,0.144
E01001359,1,0.002
E01001360,1,0.026
E01001361,1,0.002
E01001362,1,0.002
E01001363,1,0.002
E01001364,1,0.002
E01001365,1,0.002
E01001366,1,0.002
E01001367,1,0.002
E01001368,1,0.002
E01001369,1,0.004
E01001370,1,0.002
E01001371,1,0.002
E01001372,1,0.002
E01001373,1,0.002
E01001374,0,0.245
E01001375,0,0.485
E01001376,0,0.166
E01001377,0,0.297
E01001379,0,0.446
E01001380,0,0.285
E01001381,0,0.111
E01001382,0,0.326
E01001383,1,0.018
E01001384,1,0.013
E01001385,0,0.172
E01001386,0,0.102
E01001387,0,0.182
E01001388,0,0.465
E01001389,0,0.224
E01001390,0,0.489
E01001391,0,0.402
E01001392,0,0.4
E01001393,0,0.453
E01001394,0,0.421
E01001395,0,0.378
E01001396,0,0.276
E01001397,0,0.08
E01001398,1,0.006
E01001399,1,0.004
E01001400,1,0.011
E01001401,1,0.004
E01001402,1,0.009
E01001403,1,0.026
E01001404,1,0.045
E01001405,2,0.019
E01001406,1,0.044
E01001407,0,0.075
E01001408,0,0.158
E01001409,0,0.198
E01001410,0,0.325
E01001411,1,0.01
E01001413,0,0.303
E01001414,2,0.048
E01001415,0,0.203
E01001416,0,0.458
E01001418,0,0.355
E01001419,0,0.106
E01001420,0,0.384
E01001421,0,0.316
E01001423,0,0.285
E01001424,0,0.294
E01001425,0,0.182
E01001426,0,0.384
E01001427,0,0.425
E01001428,0,0.192
E01001429,0,0.461
E01001430,0,0.216
E01001431,0,0.232
E01001432,0,0.422
E01001433,0,0.073
E01001434,1,0.04
E01001435,0,0.08
E01001436,1,0.032
E01001438,1,0.041
E01001439,0,0.216
E01001440,0,0.242
E01001441,0,0.15
E01001442,0,0.266
E01001444,0,0.248
E01001446,0,0.138
E01001447,0,0.143
E01001448,0,0.236
E01001449,0,0.199
E01001450,0,0.097
E01001451,0,0.097
E01001452,1,0.003
E01001453,0,0.127
E01001454,1,0.013
E01001455,1,0.031
E01001456,1,0.035
E01001457,0,0.267
E01001458,0,0.255
E01001459,0,0.105
E01001460,0,0.311
E01001461,2,0.011
E01001462,0,0.436
E01001463,0,0.055
E01001464,0,0.149
E01001465,0,0.125
E01001466,0,0.175
E01001467,1,0.03
E01001468,0,0.403
E01001469,0,0.431
E01001470,0,0.238
E01001471,0,0.175
E01001472,0,0.374
E01001473,0,0.358
E01001474,0,0.251
E01001475,0,0.275
E01001476,1,0.038
E01001477,0,0.208
E01001478,1,0.012
E01001479,1,0.022
E01001480,1,0.022
E01001481,0,0.319
E01001482,0,0.122
E01001483,0,0.225
E01001484,1,0.012
E01001485,0,0.446
E01001486,0,0.259
E01001487,0,0.171
E01001488,0,0.186
E01001489,0,0.153
E01001491,0,0.457
E01001492,0,0.458
E01001493,0,0.053
E01001494,0,0.093
E01001495,0,0.069
E01001496,1,0.009
E01001497,1,0.025
E01001498,0,0.178
E01001499,1,0.031
E01001500,0,0.299
E01001501,0,0.199
E01001502,0,0.206
E01001503,1,0.017
E01001504,0,0.294
E01001505,0,0.055
E01001507,0,0.075
E01001508,1,0.007
E01001509,0,0.412
E01001510,0,0.428
E01001511,1,0.038
E01001512,0,0.304
E01001513,0,0.113
E01001514,0,0.5
E01001515,1,0.013
E01001516,0,0.348
E01001517,0,0.109
E01001518,2,0.004
E01001519,0,0.192
E01001520,0,0.495
E01001521,0,0.174
E01001522,0,0.132
E01001523,0,0.071
E01001524,0,0.366
E01001525,0,0.359
E01001526,0,0.451
E01001527,0,0.165
E01001528,0,0.228
E01001529,0,0.491
E01001530,0,0.34
E01001531,0,0.401
E01001532,0,0.187
E01001533,0,0.474
E01001534,0,0.148
E01001535,0,0.386
E01001536,0,0.056
E01001537,0,0.107
E01001538,1,0.04
E01001539,1,0.013
E01001540,0,0.138
E01001541,1,0.009
E01001542,1,0.002
E01001543,1,0.011
E01001544,0,0.054
E01001545,0,0.238
E01001546,0,0.252
E01001547,0,0.441
E01001548,0,0.365
E01001549,0,0.274
E01001550,0,0.314
E01001553,0,0.416
E01001554,0,0.187
E01001555,0,0.182
E01001556,0,0.478
E01001557,0,0.26
E01001558,0,0.261
E01001559,0,0.345
E01001560,0,0.225
E01001562,0,0.235
E01001563,0,0.08
E01001564,0,0.193
E01001565,0,0.08
E01001566,0,0.298
E01001567,0,0.142
E01001568,0,0.065
E01001569,1,0.036
E01001570,2,0.022
E01001571,4,0.03
E01001572,3,0.004
E01001573,4,0.02
E01001574,0,0.229
E01001575,3,0.002
E01001576,3,0.035
E01001577,0,0.075
E01001578,0,0.128
E01001579,0,0.311
E01001580,3,0.001
E01001581,3,0.034
E01001582,3,0.001
E01001583,3,0.007
E01001584,3,0.003
E01001585,3,0.006
E01001586,3,0.004
E01001587,3,0.002
E01001588,3,0.001
E01001589,3,0.005
E01001590,3,0.034
E01001591,3,0.006
E01001592,0,0.123
E01001593,4,0.034
E01001594,3,0.029
E01001595,3,0.012
E01001596,0,0.318
E01001597,0,0.327
E01001598,0,0.476
E01001599,0,0.09
E01001600,0,0.332
E01001601,0,0.277
E01001602,0,0.177
E01001603,0,0.144
E01001604,0,0.186
E01001605,0,0.434
E01001606,0,0.276
E01001607,0,0.215
E01001608,0,0.308
E01001609,0,0.093
E01001610,0,0.085
E01001611,0,0.472
E01001613,0,0.125
E01001614,0,0.193
E01001615,0,0.155
E01001617,0,0.051
E01001618,0,0.29
E01001619,0,0.22
E01001620,0,0.058
E01001621,0,0.28
E01001623,0,0.133
E01001624,0,0.305
E01001625,0,0.129
E01001629,3,0.032
E01001631,0,0.096
E01001632,0,0.053
E01001633,3,0.035
E01001634,3,0.02
E01001635,0,0.258
E01001636,0,0.12
E01001637,0,0.17
E01001638,3,0.001
E01001640,3,0.001
E01001641,3,0.001
E01001642,3,0.003
E01001644,3,0.001
E01001645,0,0.064
E01001646,3,0.012
E01001647,4,0.005
E01001648,3,0.022
E01001649,0,0.493
E01001650,4,0.012
E01001651,3,0.029
E01001652,3,0.046
E01001653,0,0.133
E01001654,0,0.262
E01001655,0,0.126
E01001656,3,0.001
E01001657,3,0.006
E01001658,3,0.001
E01001659,4,0.007
E01001660,0,0.088
E01001661,0,0.23
E01001662,4,0.008
E01001664,3,0.001
E01001665,0,0.278
E01001666,0,0.061
E01001667,3,0.001
E01001668,0,0.11
E01001669,3,0.01
E01001671,0,0.077
E01001672,4,0.039
E01001673,0,0.088
E01001674,0,0.261
E01001675,0,0.146
E01001676,3,0.001
E01001677,0,0.052
E01001678,0,0.27
E01001679,3,0.002
E01001680,3,0.003
E01001681,4,0.013
E01001682,3,0.014
E01001683,0,0.099
E01001684,0,0.421
E01001685,0,0.112
E01001686,3,0.005
E01001687,3,0.004
E01001688,3,0.001
E01001690,3,0.001
E01001692,3,0.001
E01001693,3,0.001
E01001694,3,0.002
E01001695,3,0.012
E01001696,3,0.013
E01001697,3,0.023
E01001698,3,0.01
E01001699,3,0.002
E01001700,3,0.027
E01001701,3,0.001
E01001702,3,0.005
E01001703,3,0.047
E01001704,0,0.12
E01001705,3,0.006
E01001706,0,0.061
E01001708,3,0.001
E01001709,3,0.001
E01001710,3,0.006
E01001711,3,0.003
E01001712,3,0.001
E01001713,3,0.012
E01001714,3,0.011
E01001715,0,0.085
E01001716,3,0.031
E01001717,3,0.026
E01001718,3,0.027
E01001719,3,0.019
E01001720,0,0.226
E01001722,0,0.168
E01001723,0,0.224
E01001724,0,0.332
E01001725,0,0.328
E01001726,0,0.429
E01001727,0,0.283
E01001728,0,0.25
E01001729,3,0.013
E01001730,3,0.006
E01001731,3,0.002
E01001732,3,0.026
E01001733,0,0.167
E01001734,3,0.02
E01001735,3,0.007
E01001736,0,0.5
E01001737,0,0.052
E01001738,0,0.071
E01001739,0,0.082
E01001740,0,0.171
E01001741,0,0.123
E01001742,0,0.301
E01001744,0,0.09
E01001745,3,0.05
E01001746,3,0.036
E01001747,0,0.091
E01001748,3,0.033
E01001749,0,0.107
E01001750,0,0.155
E01001751,4,0.028
E01001752,3,0.023
E01001753,3,0.036
E01001754,3,0.034
E01001755,3,0.001
E01001756,3,0.019
E01001757,3,0.047
E01001758,3,0.014
E01001759,3,0.013
E01001760,3,0.013
E01001761,0,0.082
E01001762,3,0.013
E01001763,3,0.045
E01001764,0,0.264
E01001765,0,0.098
E01001767,0,0.173
E01001768,0,0.229
E01001769,0,0.289
E01001770,3,0.049
E01001772,0,0.128
E01001773,0,0.052
E01001774,0,0.061
E01001775,0,0.243
E01001776,3,0.013
E01001777,3,0.045
E01001779,3,0.004
E01001780,3,0.018
E01001781,3,0.004
E01001782,3,0.015
E01001783,3,0.006
E01001784,3,0.004
E01001785,4,0.011
E01001786,3,0.001
E01001787,3,0.001
E01001788,3,0.012
E01001789,4,0.013
E01001790,3,0.003
E01001791,3,0.013
E01001792,3,0.012
E01001793,3,0.01
E01001794,3,0.033
E01001795,0,0.103
E01001796,3,0.049
E01001798,3,0.011
E01001799,0,0.41
E01001800,0,0.419
E01001801,0,0.052
E01001802,0,0.251
E01001803,3,0.024
E01001804,0,0.059
E01001805,0,0.39
E01001806,3,0.021
E01001807,0,0.237
E01001808,0,0.262
E01001809,0,0.243
E01001811,0,0.139
E01001812,0,0.418
E01001813,3,0.006
E01001814,0,0.096
E01001815,0,0.23
E01001816,0,0.09
E01001819,0,0.298
E01001820,0,0.237
E01001821,0,0.062
E01001822,3,0.031
E01001823,0,0.469
E01001824,0,0.482
E01001825,0,0.295
E01001826,0,0.129
E01001827,0,0.198
E01001828,0,0.056
E01001829,0,0.456
E01001830,0,0.203
E01001831,0,0.167
E01001832,0,0.146
E01001833,0,0.147
E01001834,0,0.303
E01001835,0,0.134
E01001836,3,0.003
E01001837,3,0.001
E01001838,3,0.004
E01001839,3,0.013
E01001840,3,0.007
E01001841,3,0.001
E01001842,3,0.009
E01001843,3,0.02
E01001844,3,0.008
E01001845,3,0.001
E01001846,3,0.001
E01001847,3,0.002
E01001848,3,0.001
E01001849,3,0.001
E01001850,3,0.031
E01001851,1,0.049
E01001852,0,0.478
E01001853,0,0.21
E01001854,0,0.143
E01001855,0,0.322
E01001856,0,0.083
E01001857,0,0.294
E01001858,0,0.469
E01001859,0,0.078
E01001860,0,0.226
E01001861,0,0.418
E01001862,0,0.403
E01001863,0,0.466
E01001864,0,0.371
E01001865,0,0.291
E01001866,0,0.421
E01001867,0,0.24
E01001868,0,0.371
E01001869,0,0.185
E01001870,0,0.265
E01001871,0,0.445
E01001872,0,0.398
E01001873,0,0.094
E01001874,0,0.375
E01001875,0,0.07
E01001876,0,0.077
E01001877,0,0.152
E01001878,0,0.06
E01001879,0,0.098
E01001880,0,0.458
E01001881,0,0.354
E01001882,1,0.006
E01001883,0,0.301
E01001884,0,0.344
E01001885,0,0.095
E01001886,0,0.355
E01001887,0,0.375
E01001888,0,0.274
E01001889,0,0.301
E01001890,0,0.411
E01001891,0,0.497
E01001892,0,0.381
E01001893,0,0.351
E01001894,0,0.078
E01001895,0,0.324
E01001896,0,0.08
E01001897,1,0.034
E01001898,0,0.145
E01001899,1,0.045
E01001900,0,0.336
E01001901,1,0.004
E01001902,1,0.009
E01001903,0,0.083
E01001904,0,0.072
E01001905,1,0.016
E01001906,0,0.087
E01001907,0,0.162
E01001908,0,0.349
E01001909,0,0.491
E01001910,0,0.382
E01001911,0,0.37
E01001912,0,0.485
E01001913,0,0.096
E01001914,0,0.381
E01001915,0,0.133
E01001916,0,0.178
E01001917,0,0.463
E01001918,0,0.244
E01001919,0,0.267
E01001920,0,0.376
E01001921,0,0.45
E01001922,0,0.085
E01001923,0,0.49
E01001924,0,0.31
E01001925,1,0.041
E01001926,0,0.497
E01001927,0,0.232
E01001928,0,0.345
E01001929,0,0.188
E01001930,0,0.467
E01001931,0,0.49
E01001932,0,0.436
E01001933,0,0.274
E01001934,0,0.368
E01001935,0,0.453
E01001937,0,0.077
E01001938,0,0.358
E01001939,0,0.36
E01001940,0,0.276
E01001941,0,0.207
E01001942,0,0.191
E01001943,0,0.155
E01001944,0,0.28
E01001945,0,0.478
E01001946,0,0.297
E01001947,0,0.106
E01001948,1,0.034
E01001949,1,0.002
E01001950,1,0.036
E01001951,1,0.009
E01001952,0,0.156
E01001953,0,0.134
E01001954,0,0.339
E01001955,0,0.185
E01001956,0,0.451
E01001957,3,0.008
E01001958,0,0.074
E01001959,0,0.365
E01001960,0,0.339
E01001961,0,0.376
E01001962,0,0.17
E01001963,0,0.397
E01001964,0,0.192
E01001965,4,0.012
E01001966,0,0.411
E01001967,4,0.023
E01001968,0,0.185
E01001969,0,0.135
E01001970,0,0.07
E01001971,0,0.079
E01001972,0,0.052
E01001973,0,0.137
E01001974,0,0.176
E01001975,0,0.325
E01001976,0,0.235
E01001977,0,0.145
E01001978,0,0.205
E01001979,0,0.137
E01001980,0,0.405
E01001981,0,0.157
E01001982,0,0.358
E01001983,0,0.313
E01001984,0,0.117
E01001985,3,0.048
E01001986,0,0.331
E01001987,3,0.003
E01001988,0,0.191
E01001989,0,0.245
E01001990,0,0.21
E01001991,3,0.046
E01001992,3,0.041
E01001993,3,0.002
E01001994,3,0.012
E01001995,3,0.025
E01001996,3,0.024
E01001997,0,0.14
E01001998,0,0.285
E01001999,0,0.16
E01002000,0,0.12
E01002001,0,0.1
E01002002,3,0.015
E01002003,0,0.267
E01002004,0,0.184
E01002005,0,0.055
E01002006,3,0.043
E01002007,3,0.01
E01002008,3,0.001
E01002009,3,0.003
E01002010,3,0.014
E01002011,3,0.028
E01002013,0,0.338
E01002014,0,0.403
E01002015,0,0.324
E01002016,0,0.27
E01002017,0,0.214
E01002018,0,0.232
E01002019,0,0.255
E01002020,0,0.28
E01002021,0,0.298
E01002022,3,0.005
E01002023,0,0.092
E01002024,0,0.482
E01002025,3,0.014
E01002026,0,0.469
E01002027,0,0.266
E01002028,0,0.461
E01002029,0,0.232
E01002030,0,0.06
E01002031,0,0.278
E01002032,0,0.346
E01002033,0,0.164
E01002034,0,0.266
E01002036,0,0.423
E01002037,0,0.187
E01002038,0,0.129
E01002039,0,0.23
E01002040,0,0.088
E01002041,0,0.258
E01002042,0,0.263
E01002043,0,0.16
E01002044,0,0.364
E01002045,0,0.114
E01002046,3,0.032
E01002047,0,0.081
E01002048,0,0.206
E01002049,0,0.133
E01002050,0,0.27
E01002051,0,0.495
E01002052,0,0.33
E01002053,0,0.345
E01002054,0,0.14
E01002055,0,0.477
E01002056,0,0.073
E01002057,0,0.117
E01002058,3,0.008
E01002059,0,0.18
E01002060,0,0.267
E01002061,0,0.06
E01002062,0,0.309
E01002063,3,0.042
E01002064,0,0.17
E01002065,3,0.016
E01002066,3,0.021
E01002067,0,0.12
E01002068,3,0.006
E01002069,0,0.097
E01002070,0,0.148
E01002071,0,0.066
E01002072,0,0.299
E01002073,0,0.063
E01002074,0,0.329
E01002075,3,0.012
E01002076,4,0.027
E01002077,3,0.021
E01002078,3,0.007
E01002079,4,0.017
E01002080,3,0.035
E01002081,4,0.003
E01002082,0,0.132
E01002083,0,0.254
E01002084,0,0.16
E01002085,0,0.176
E01002086,0,0.157
E01002087,0,0.076
E01002088,0,0.301
E01002089,0,0.261
E01002090,0,0.481
E01002091,0,0.444
E01002092,0,0.489
E01002093,0,0.324
E01002094,0,0.482
E01002095,0,0.241
E01002096,0,0.444
E01002097,0,0.239
E01002098,0,0.092
E01002099,0,0.227
E01002100,0,0.479
E01002101,0,0.495
E01002102,0,0.132
E01002103,0,0.21
E01002104,0,0.254
E01002105,0,0.071
E01002106,1,0.004
E01002107,0,0.089
E01002108,1,0.006
E01002109,1,0.05
E01002110,1,0.002
E01002111,1,0.002
E01002112,0,0.165
E01002113,0,0.24
E01002115,0,0.43
E01002116,0,0.07
E01002117,2,0.004
E01002118,0,0.144
E01002119,0,0.201
E01002120,0,0.052
E01002121,1,0.003
E01002122,0,0.114
E01002123,0,0.359
E01002124,1,0.003
E01002125,1,0.002
E01002126,0,0.482
E01002127,0,0.365
E01002128,0,0.192
E01002129,0,0.247
E01002130,0,0.355
E01002131,0,0.158
E01002132,0,0.184
E01002133,0,0.275
E01002134,0,0.253
E01002135,0,0.466
E01002136,0,0.286
E01002137,3,0.027
E01002138,0,0.262
E01002139,1,0.004
E01002140,1,0.034
E01002141,1,0.005
E01002142,1,0.033
E01002143,1,0.037
E01002144,2,0.007
E01002145,0,0.13
E01002146,1,0.016
E01002147,1,0.049
E01002148,0,0.079
E01002149,0,0.117
E01002150,1,0.005
E01002151,0,0.094
E01002152,0,0.133
E01002153,1,0.002
E01002154,2,0.002
E01002155,1,0.044
E01002156,0,0.137
E01002157,1,0.002
E01002158,1,0.012
E01002159,0,0.133
E01002160,0,0.184
E01002161,1,0.002
E01002162,0,0.326
E01002163,0,0.09
E01002164,1,0.034
E01002165,1,0.011
E01002166,1,0.003
E01002167,1,0.002
E01002168,1,0.002
E01002169,1,0.007
E01002170,1,0.002
E01002171,1,0.002
E01002172,1,0.003
E01002173,1,0.002
E01002174,1,0.002
E01002175,1,0.002
E01002176,1,0.002
E01002177,1,0.002
E01002178,1,0.002
E01002179,1,0.031
E01002180,2,0.005
E01002181,0,0.057
E01002182,0,0.37
E01002183,1,0.025
E01002184,1,0.003
E01002185,0,0.16
E01002186,2,0.043
E01002187,1,0.011
E01002188,0,0.153
E01002189,0,0.143
E01002190,1,0.002
E01002191,1,0.002
E01002192,0,0.144
E01002193,2,0.009
E01002194,1,0.01
E01002195,1,0.004
E01002196,1,0.003
E01002197,1,0.002
E01002198,1,0.004
E01002199,1,0.002
E01002200,1,0.003
E01002201,1,0.002
E01002202,1,0.002
E01002203,0,0.079
E01002204,1,0.002
E01002206,1,0.035
E01002207,1,0.003
E01002208,1,0.004
E01002209,1,0.002
E01002210,1,0.004
E01002211,0,0.352
E01002212,1,0.012
E01002213,0,0.086
E01002214,1,0.002
E01002215,1,0.002
E01002216,1,0.002
E01002217,0,0.195
E01002218,0,0.072
E01002219,0,0.241
E01002220,1,0.004
E01002221,0,0.096
E01002222,1,0.013
E01002223,1,0.002
E01002224,0,0.054
E01002226,0,0.364
E01002227,0,0.255
E01002228,0,0.436
E01002229,0,0.081
E01002230,0,0.058
E01002231,1,0.003
E01002232,1,0.003
E01002233,1,0.004
E01002234,0,0.081
E01002235,1,0.008
E01002236,1,0.024
E01002237,0,0.484
E01002238,0,0.058
E01002239,1,0.01
E01002240,0,0.259
E01002241,0,0.089
E01002242,1,0.018
E01002243,0,0.069
E01002244,0,0.124
E01002245,1,0.005
E01002246,0,0.448
E01002247,0,0.456
E01002248,0,0.372
E01002249,2,0.021
E01002250,0,0.121
E01002251,0,0.217
E01002253,1,0.044
E01002254,1,0.015
E01002255,1,0.005
E01002256,1,0.046
E01002257,0,0.07
E01002258,1,0.008
E01002260,2,0.026
E01002261,1,0.011
E01002262,1,0.009
E01002263,2,0.009
E01002264,1,0.029
E01002265,1,0.004
E01002266,1,0.002
E01002267,1,0.011
E01002268,1,0.008
E01002269,1,0.023
E01002270,1,0.003
E01002271,1,0.044
E01002272,1,0.038
E01002273,1,0.008
E01002274,1,0.002
E01002275,1,0.004
E01002278,0,0.354
E01002279,0,0.333
E01002280,0,0.137
E01002281,0,0.197
E01002282,0,0.221
E01002283,0,0.358
E01002284,0,0.107
E01002285,1,0.002
E01002286,1,0.005
E01002287,1,0.003
E01002288,1,0.005
E01002289,1,0.013
E01002290,1,0.002
E01002291,1,0.002
E01002292,1,0.002
E01002293,2,0.018
E01002294,0,0.288
E01002295,0,0.354
E01002297,0,0.304
E01002298,0,0.307
E01002299,0,0.182
E01002300,0,0.379
E01002301,1,0.018
E01002302,1,0.003
E01002303,1,0.002
E01002305,2,0.037
E01002306,1,0.036
E01002307,0,0.067
E01002308,0,0.238
E01002309,0,0.154
E01002310,0,0.473
E01002311,2,0.038
E01002312,0,0.194
E01002313,0,0.211
E01002314,0,0.093
E01002315,0,0.18
E01002316,1,0.04
E01002317,1,0.002
E01002318,1,0.011
E01002319,1,0.009
E01002320,1,0.03
E01002321,1,0.004
E01002322,0,0.193
E01002323,0,0.47
E01002324,1,0.045
E01002325,2,0.007
E01002326,1,0.006
E01002327,1,0.002
E01002328,1,0.005
E01002329,0,0.068
E01002330,0,0.301
E01002331,0,0.195
E01002332,1,0.002
E01002333,1,0.004
E01002334,1,0.002
E01002335,1,0.002
E01002336,1,0.002
E01002337,2,0.02
E01002338,1,0.002
E01002339,0,0.079
E01002340,1,0.006
E01002341,1,0.016
E01002342,0,0.053
E01002343,0,0.292
E01002345,2,0.024
E01002346,0,0.173
E01002347,1,0.048
E01002349,0,0.225
E01002350,0,0.342
E01002351,0,0.067
E01002352,1,0.035
E01002353,1,0.022
E01002354,0,0.115
E01002355,0,0.095
E01002356,0,0.302
E01002358,0,0.069
E01002359,1,0.011
E01002360,1,0.002
E01002361,1,0.004
E01002362,1,0.005
E01002363,1,0.004
E01002364,1,0.009
E01002365,1,0.013
E01002366,1,0.002
E01002367,1,0.002
E01002368,0,0.113
E01002369,1,0.033
E01002370,1,0.019
E01002371,0,0.055
E01002372,1,0.024
E01002373,1,0.002
E01002374,1,0.006
E01002375,1,0.014
E01002376,0,0.168
E01002377,1,0.04
E01002378,0,0.067
E01002379,1,0.018
E01002380,0,0.068
E01002381,1,0.017
E01002382,1,0.007
E01002383,0,0.296
E01002384,0,0.141
E01002386,2,0.003
E01002387,1,0.004
E01002388,1,0.014
E01002389,1,0.001
E01002390,1,0.013
E01002392,1,0.004
E01002393,1,0.043
E01002394,1,0.002
E01002395,1,0.011
E01002396,1,0.004
E01002397,0,0.06
E01002398,1,0.011
E01002399,1,0.004
E01002400,0,0.052
E01002401,1,0.05
E01002402,0,0.095
E01002403,1,0.031
E01002404,0,0.476
E01002405,0,0.439
E01002406,0,0.495
E01002407,0,0.058
E01002408,0,0.127
E01002409,0,0.114
E01002410,0,0.469
E01002411,0,0.156
E01002412,0,0.258
E01002413,0,0.49
E01002414,0,0.302
E01002415,1,0.003
E01002416,1,0.003
E01002417,1,0.003
E01002418,1,0.002
E01002419,1,0.003
E01002420,1,0.002
E01002421,1,0.002
E01002422,1,0.041
E01002423,1,0.004
E01002424,0,0.056
E01002425,1,0.032
E01002426,0,0.055
E01002427,1,0.006
E01002428,0,0.07
E01002429,0,0.231
E01002430,0,0.248
E01002431,1,0.008
E01002432,1,0.003
E01002433,2,0.021
E01002434,0,0.144
E01002435,0,0.06
E01002436,0,0.411
E01002437,1,0.012
E01002439,0,0.178
E01002440,0,0.4
E01002443,0,0.089
E01002445,0,0.069
E01002446,0,0.135
E01002447,0,0.423
E01002448,0,0.267
E01002449,0,0.291
E01002450,1,0.042
E01002451,1,0.006
E01002452,1,0.006
E01002453,1,0.02
E01002454,1,0.005
E01002455,1,0.005
E01002456,1,0.004
E01002457,1,0.042
E01002458,1,0.023
E01002459,0,0.069
E01002460,1,0.009
E01002462,1,0.03
E01002463,1,0.014
E01002464,1,0.03
E01002465,1,0.003
E01002466,1,0.006
E01002467,0,0.055
E01002468,1,0.003
E01002469,1,0.004
E01002470,1,0.003
E01002471,1,0.004
E01002472,0,0.332
E01002473,0,0.486
E01002474,0,0.387
E01002475,0,0.375
E01002477,0,0.405
E01002478,0,0.384
E01002479,0,0.312
E01002480,0,0.144
E01002481,0,0.301
E01002483,0,0.118
E01002484,0,0.162
E01002485,0,0.15
E01002486,0,0.455
E01002487,0,0.18
E01002488,0,0.146
E01002489,0,0.164
E01002490,0,0.094
E01002491,0,0.416
E01002492,0,0.464
E01002493,0,0.096
E01002494,1,0.035
E01002495,1,0.005
E01002496,1,0.002
E01002497,1,0.007
E01002498,1,0.007
E01002499,0,0.241
E01002501,1,0.013
E01002502,0,0.497
E01002503,0,0.052
E01002504,2,0.03
E01002505,1,0.002
E01002506,0,0.276
E01002507,1,0.047
E01002508,0,0.084
E01002509,0,0.081
E01002511,0,0.453
E01002513,0,0.155
E01002514,0,0.081
E01002515,0,0.457
E01002516,0,0.128
E01002518,4,0.001
E01002523,4,0.023
E01002525,0,0.135
E01002526,0,0.467
E01002528,0,0.37
E01002529,0,0.356
E01002530,0,0.151
E01002532,0,0.227
E01002533,0,0.134
E01002534,0,0.224
E01002535,2,0.005
E01002536,0,0.118
E01002537,0,0.069
E01002538,0,0.3
E01002539,0,0.348
E01002540,0,0.245
E01002541,0,0.22
E01002542,1,0.038
E01002543,1,0.034
E01002544,2,0.024
E01002545,0,0.058
E01002546,1,0.037
E01002547,1,0.005
E01002548,0,0.33
E01002549,0,0.083
E01002550,1,0.041
E01002551,0,0.096
E01002552,0,0.057
E01002553,1,0.036
E01002555,0,0.159
E01002556,0,0.263
E01002557,0,0.281
E01002558,1,0.049
E01002560,0,0.264
E01002561,0,0.269
E01002562,0,0.417
E01002563,0,0.498
E01002564,4,0.006
E01002565,0,0.271
E01002566,3,0.02
E01002567,4,0.013
E01002568,3,0.028
E01002569,0,0.265
E01002570,0,0.111
E01002571,0,0.348
E01002572,0,0.226
E01002573,0,0.349
E01002574,0,0.319
E01002575,0,0.162
E01002576,0,0.398
E01002577,0,0.2
E01002578,0,0.401
E01002579,0,0.283
E01002580,0,0.142
E01002581,0,0.15
E01002582,0,0.354
E01002583,0,0.119
E01002584,0,0.411
E01002585,0,0.123
E01002586,0,0.283
E01002587,1,0.039
E01002588,0,0.137
E01002589,0,0.147
E01002590,0,0.065
E01002591,0,0.487
E01002592,0,0.256
E01002593,0,0.134
E01002594,0,0.468
E01002595,0,0.195
E01002596,2,0.009
E01002598,1,0.017
E01002599,1,0.048
E01002600,0,0.123
E01002603,0,0.074
E01002604,0,0.122
E01002605,0,0.176
E01002606,0,0.066
E01002607,0,0.091
E01002608,0,0.071
E01002609,0,0.109
E01002611,0,0.107
E01002612,0,0.222
E01002613,0,0.327
E01002614,1,0.028
E01002615,0,0.059
E01002616,0,0.199
E01002617,0,0.314
E01002618,0,0.064
E01002619,1,0.007
E01002620,1,0.002
E01002621,0,0.098
E01002622,1,0.006
E01002623,1,0.006
E01002624,1,0.014
E01002625,1,0.003
E01002626,1,0.023
E01002627,0,0.206
E01002628,0,0.054
E01002629,0,0.208
E01002630,0,0.303
E01002631,1,0.007
E01002632,1,0.008
E01002633,0,0.111
E01002634,0,0.08
E01002635,1,0.01
E01002636,1,0.012
E01002637,0,0.244
E01002638,1,0.004
E01002639,0,0.27
E01002640,0,0.468
E01002641,0,0.492
E01002642,0,0.158
E01002643,0,0.163
E01002645,0,0.253
E01002646,0,0.271
E01002647,0,0.458
E01002648,0,0.376
E01002649,0,0.124
E01002650,0,0.075
E01002651,0,0.327
E01002652,0,0.059
E01002653,0,0.337
E01002654,1,0.026
E01002655,1,0.019
E01002656,0,0.084
E01002657,1,0.006
E01002658,0,0.406
E01002659,0,0.243
E01002660,1,0.046
E01002661,1,0.022
E01002662,0,0.373
E01002663,0,0.272
E01002664,0,0.457
E01002665,0,0.453
E01002666,0,0.203
E01002667,0,0.239
E01002668,0,0.437
E01002669,0,0.152
E01002670,0,0.06
E01002671,0,0.483
E01002672,0,0.211
E01002673,0,0.448
E01002674,0,0.33
E01002675,0,0.397
E01002676,0,0.451
E01002677,0,0.431
E01002678,0,0.334
E01002679,0,0.067
E01002680,0,0.398
E01002681,0,0.11
E01002682,0,0.392
E01002683,0,0.418
E01002684,0,0.303
E01002686,4,0.047
E01002687,0,0.482
E01002689,0,0.15
E01002690,0,0.304
E01002691,0,0.091
E01002692,0,0.406
E01002693,0,0.327
E01002694,0,0.245
E01002695,4,0.037
E01002696,0,0.229
E01002697,3,0.038
E01002698,0,0.338
E01002699,0,0.45
E01002700,0,0.055
E01002701,3,0.017
E01002702,3,0.01
E01002703,3,0.041
E01002704,2,0.001
E01002706,3,0.025
E01002707,0,0.054
E01002708,3,0.043
E01002709,3,0.045
E01002710,0,0.063
E01002711,3,0.033
E01002712,0,0.109
E01002713,3,0.008
E01002714,3,0.033
E01002715,3,0.047
E01002716,0,0.069
E01002717,3,0.003
E01002718,3,0.025
E01002719,3,0.011
E01002720,0,0.073
E01002721,0,0.067
E01002722,0,0.066
E01002723,3,0.025
E01002724,0,0.217
E01002725,0,0.221
E01002726,0,0.425
E01002727,0,0.295
E01002728,0,0.115
E01002729,0,0.149
E01002730,0,0.057
E01002731,3,0.033
E01002732,3,0.02
E01002733,0,0.111
E01002734,3,0.045
E01002735,0,0.084
E01002736,3,0.026
E01002737,0,0.089
E01002738,3,0.039
E01002739,4,0.016
E01002740,3,0.021
E01002741,0,0.078
E01002742,0,0.256
E01002743,3,0.023
E01002744,4,0.028
E01002745,0,0.2
E01002747,0,0.479
E01002748,0,0.063
E01002749,0,0.393
E01002751,0,0.175
E01002752,0,0.488
E01002753,0,0.109
E01002754,0,0.176
E01002755,3,0.035
E01002756,3,0.045
E01002757,4,0.022
E01002758,0,0.145
E01002759,4,0.036
E01002760,0,0.083
E01002762,3,0.003
E01002763,3,0.002
E01002764,3,0.001
E01002765,3,0.002
E01002766,3,0.003
E01002767,3,0.002
E01002768,0,0.128
E01002769,0,0.061
E01002770,3,0.001
E01002771,0,0.065
E01002772,0,0.077
E01002773,3,0.003
E01002774,0,0.232
E01002775,3,0.002
E01002776,3,0.007
E01002777,3,0.023
E01002778,0,0.054
E01002779,3,0.005
E01002780,3,0.003
E01002781,3,0.027
E01002782,3,0.024
E01002783,3,0.001
E01002784,3,0.038
E01002785,0,0.061
E01002786,3,0.025
E01002787,3,0.013
E01002788,3,0.021
E01002789,3,0.041
E01002790,0,0.125
E01002791,3,0.03
E01002792,0,0.403
E01002793,0,0.226
E01002794,0,0.311
E01002795,0,0.062
E01002796,4,0.029
E01002797,0,0.126
E01002798,0,0.051
E01002799,0,0.379
E01002800,0,0.405
E01002801,0,0.432
E01002802,0,0.237
E01002803,0,0.314
E01002804,0,0.055
E01002805,0,0.087
E01002806,0,0.185
E01002807,0,0.257
E01002808,0,0.258
E01002809,0,0.2
E01002810,0,0.219
E01002811,0,0.067
E01002812,0,0.41
E01002813,0,0.361
E01002814,0,0.251
E01002815,0,0.458
E01002816,0,0.061
E01002817,0,0.467
E01002818,0,0.451
E01002819,0,0.131
E01002820,0,0.332
E01002821,0,0.052
E01002822,0,0.248
E01002823,0,0.186
E01002824,3,0.013
E01002825,0,0.439
E01002826,0,0.081
E01002827,0,0.073
E01002828,0,0.187
E01002829,0,0.482
E01002830,0,0.492
E01002831,0,0.461
E01002832,0,0.36
E01002833,0,0.388
E01002834,0,0.4
E01002835,0,0.442
E01002836,0,0.439
E01002837,0,0.496
E01002838,0,0.134
E01002839,0,0.222
E01002840,0,0.384
E01002841,0,0.101
E01002842,0,0.114
E01002843,0,0.222
E01002844,0,0.262
E01002845,0,0.158
E01002846,0,0.226
E01002847,0,0.443
E01002848,0,0.135
E01002849,0,0.279
E01002850,0,0.233
E01002851,0,0.223
E01002852,0,0.255
E01002853,0,0.41
E01002854,0,0.119
E01002855,0,0.372
E01002856,0,0.379
E01002857,0,0.202
E01002858,1,0.037
E01002859,0,0.057
E01002860,1,0.048
E01002861,0,0.073
E01002862,1,0.03
E01002863,0,0.207
E01002864,0,0.225
E01002865,0,0.389
E01002866,0,0.218
E01002867,0,0.11
E01002868,0,0.205
E01002869,0,0.393
E01002870,0,0.246
E01002871,0,0.489
E01002872,0,0.247
E01002873,0,0.37
E01002874,0,0.341
E01002875,0,0.395
E01002876,0,0.285
E01002877,0,0.121
E01002878,0,0.346
E01002879,0,0.324
E01002880,0,0.373
E01002881,0,0.373
E01002882,0,0.348
E01002883,0,0.393
E01002884,0,0.295
E01002885,0,0.487
E01002886,0,0.356
E01002887,0,0.463
E01002888,0,0.393
E01002889,0,0.395
E01002890,0,0.402
E01002891,0,0.277
E01002892,0,0.232
E01002893,0,0.312
E01002894,0,0.351
E01002895,0,0.319
E01002896,0,0.372
E01002897,0,0.448
E01002898,0,0.428
E01002899,0,0.13
E01002900,0,0.106
E01002901,0,0.227
E01002902,0,0.086
E01002903,0,0.156
E01002904,0,0.116
E01002905,0,0.498
E01002906,0,0.131
E01002907,0,0.336
E01002908,0,0.415
E01002909,0,0.417
E01002910,0,0.287
E01002911,0,0.486
E01002912,0,0.43
E01002913,0,0.23
E01002914,0,0.053
E01002915,1,0.011
E01002916,1,0.01
E01002917,0,0.051
E01002920,1,0.003
E01002921,0,0.139
E01002922,0,0.362
E01002923,0,0.481
E01002924,0,0.123
E01002925,0,0.073
E01002926,0,0.301
E01002927,0,0.202
E01002928,1,0.038
E01002929,0,0.297
E01002930,0,0.086
E01002931,0,0.056
E01002932,2,0.047
E01002933,0,0.051
E01002934,0,0.178
E01002935,0,0.108
E01002937,0,0.417
E01002938,0,0.482
E01002939,1,0.002
E01002940,1,0.002
E01002942,1,0.015
E01002943,1,0.04
E01002945,1,0.022
E01002947,1,0.008
E01002949,1,0.004
E01002951,0,0.163
E01002952,0,0.066
E01002953,0,0.381
E01002954,0,0.381
E01002955,3,0.002
E01002956,0,0.086
E01002957,0,0.141
E01002958,0,0.091
E01002959,0,0.24
E01002960,0,0.187
E01002961,0,0.112
E01002962,0,0.101
E01002963,0,0.088
E01002964,0,0.161
E01002965,3,0.028
E01002966,0,0.09
E01002967,0,0.335
E01002968,0,0.099
E01002969,0,0.402
E01002970,0,0.454
E01002971,0,0.084
E01002972,0,0.393
E01002973,0,0.278
E01002974,0,0.219
E01002975,1,0.004
E01002976,0,0.083
E01002977,1,0.004
E01002980,1,0.01
E01002981,1,0.003
E01002982,1,0.003
E01002983,1,0.003
E01002984,1,0.005
E01002985,1,0.033
E01002986,1,0.037
E01002987,0,0.196
E01002989,0,0.226
E01002990,0,0.141
E01002991,4,0.026
E01002992,0,0.42
E01002996,0,0.051
E01002997,0,0.185
E01002998,1,0.041
E01002999,0,0.476
E01003001,0,0.177
E01003003,1,0.018
E01003004,1,0.001
E01003005,1,0.015
E01003006,0,0.44
E01003007,0,0.43
E01003008,0,0.35
E01003009,0,0.283
E01003010,0,0.181
E01003011,0,0.178
E01003013,0,0.102
E01003014,3,0.045
E01003015,3,0.027
E01003016,2,0.009
E01003017,0,0.095
E01003018,3,0.045
E01003019,0,0.118
E01003020,0,0.12
E01003021,0,0.133
E01003022,0,0.11
E01003023,3,0.006
E01003024,0,0.143
E01003025,3,0.016
E01003026,0,0.069
E01003027,0,0.417
E01003028,0,0.285
E01003029,0,0.33
E01003030,0,0.175
E01003031,0,0.292
E01003032,0,0.323
E01003033,0,0.497
E01003034,0,0.481
E01003035,0,0.499
E01003036,0,0.313
E01003037,0,0.272
E01003038,0,0.283
E01003039,0,0.439
E01003040,0,0.149
E01003041,0,0.235
E01003042,0,0.384
E01003043,4,0.003
E01003044,0,0.132
E01003045,3,0.029
E01003046,0,0.122
E01003047,3,0.022
E01003048,0,0.088
E01003049,3,0.025
E01003050,3,0.017
E01003051,0,0.145
E01003052,0,0.116
E01003053,0,0.081
E01003054,0,0.21
E01003055,0,0.139
E01003056,0,0.247
E01003057,0,0.47
E01003058,0,0.243
E01003059,3,0.048
E01003060,0,0.082
E01003061,0,0.23
E01003062,3,0.002
E01003063,0,0.09
E01003064,0,0.268
E01003065,0,0.285
E01003066,0,0.161
E01003067,0,0.078
E01003068,0,0.199
E01003069,0,0.089
E01003070,0,0.161
E01003071,0,0.193
E01003072,0,0.267
E01003073,0,0.214
E01003074,3,0.003
E01003075,0,0.073
E01003076,0,0.216
E01003077,4,0.029
E01003078,0,0.068
E01003079,0,0.053
E01003080,0,0.089
E01003081,0,0.241
E01003082,0,0.15
E01003083,0,0.278
E01003084,0,0.473
E01003085,0,0.069
E01003086,0,0.081
E01003087,0,0.148
E01003088,0,0.218
E01003089,0,0.141
E01003090,0,0.114
E01003091,0,0.16
E01003092,0,0.071
E01003093,0,0.122
E01003094,4,0.007
E01003095,0,0.235
E01003096,3,0.039
E01003097,0,0.119
E01003098,4,0.034
E01003099,3,0.033
E01003100,0,0.115
E01003101,4,0.024
E01003102,3,0.016
E01003104,0,0.339
E01003105,3,0.028
E01003106,0,0.081
E01003107,3,0.04
E01003108,0,0.292
E01003109,3,0.027
E01003110,3,0.003
E01003169,3,0.006
E01003170,3,0.004
E01003171,0,0.066
E01003172,3,0.013
E01003173,4,0.028
E01003111,0,0.086
E01003112,3,0.014
E01003113,3,0.028
E01003114,0,0.145
E01003115,0,0.119
E01003116,0,0.165
E01003117,0,0.395
E01003118,4,0.023
E01003119,3,0.018
E01003120,0,0.111
E01003121,0,0.234
E01003122,0,0.056
E01003123,4,0.005
E01003124,0,0.101
E01003125,0,0.081
E01003126,3,0.035
E01003127,3,0.002
E01003128,3,0.026
E01003129,0,0.123
E01003130,0,0.059
E01003131,0,0.16
E01003132,3,0.014
E01003133,3,0.021
E01003134,0,0.164
E01003135,4,0.03
E01003136,3,0.038
E01003137,3,0.031
E01003138,0,0.354
E01003139,0,0.371
E01003140,0,0.311
E01003141,0,0.466
E01003142,0,0.476
E01003143,0,0.395
E01003144,0,0.107
E01003145,0,0.33
E01003146,0,0.448
E01003147,0,0.452
E01003148,3,0.028
E01003149,3,0.028
E01003150,0,0.052
E01003151,0,0.272
E01003152,3,0.044
E01003153,0,0.291
E01003154,0,0.115
E01003155,4,0.032
E01003156,0,0.269
E01003157,0,0.124
E01003158,0,0.284
E01003159,0,0.06
E01003160,0,0.223
E01003161,0,0.408
E01003162,3,0.048
E01003163,0,0.292
E01003164,3,0.018
E01003165,0,0.128
E01003166,0,0.123
E01003167,0,0.138
E01003168,0,0.08
E01003174,3,0.015
E01003175,3,0.027
E01003176,0,0.058
E01003177,3,0.016
E01003178,4,0.016
E01003179,3,0.043
E01003180,0,0.195
E01003181,3,0.016
E01003182,0,0.066
E01003183,3,0.006
E01003184,0,0.151
E01003185,0,0.109
E01003186,3,0.035
E01003187,4,0.038
E01003188,0,0.06
E01003189,4,0.03
E01003190,0,0.208
E01003191,3,0.008
E01003192,3,0.007
E01003193,0,0.345
E01003194,0,0.154
E01003195,0,0.441
E01003196,0,0.264
E01003197,0,0.481
E01003198,3,0.009
E01003199,3,0.001
E01003200,3,0.001
E01003201,3,0.001
E01003202,3,0.002
E01003203,3,0.001
E01003204,3,0.001
E01003205,3,0.001
E01003206,3,0.003
E01003207,3,0.001
E01003209,3,0.004
E01003210,3,0.001
E01003211,3,0.005
E01003212,3,0.001
E01003213,3,0.002
E01003214,3,0.005
E01003215,3,0.001
E01003216,0,0.445
E01003217,0,0.35
E01003218,0,0.196
E01003219,0,0.264
E01003220,0,0.342
E01003221,0,0.188
E01003222,0,0.459
E01003223,0,0.205
E01003224,0,0.385
E01003225,3,0.006
E01003226,3,0.027
E01003227,0,0.06
E01003228,0,0.073
E01003229,0,0.072
E01003230,0,0.098
E01003231,3,0.011
E01003232,3,0.019
E01003233,4,0.027
E01003235,3,0.005
E01003236,0,0.396
E01003237,0,0.472
E01003238,0,0.214
E01003239,0,0.355
E01003240,0,0.402
E01003241,3,0.015
E01003243,4,0.009
E01003305,3,0.002
E01003307,0,0.443
E01003308,0,0.263
E01003309,0,0.077
E01003310,3,0.027
E01003311,0,0.376
E01003312,0,0.456
E01003313,0,0.249
E01003244,3,0.003
E01003245,3,0.01
E01003246,3,0.001
E01003247,3,0.002
E01003248,3,0.001
E01003249,3,0.001
E01003250,3,0.001
E01003251,3,0.001
E01003252,3,0.048
E01003253,3,0.001
E01003254,3,0.001
E01003255,3,0.006
E01003256,3,0.007
E01003257,3,0.001
E01003258,3,0.012
E01003259,3,0.004
E01003260,3,0.002
E01003261,3,0.002
E01003262,3,0.008
E01003263,0,0.162
E01003264,3,0.047
E01003265,0,0.104
E01003266,3,0.027
E01003267,3,0.001
E01003268,0,0.065
E01003269,0,0.063
E01003270,0,0.06
E01003271,4,0.038
E01003272,3,0.004
E01003273,3,0.001
E01003274,3,0.015
E01003275,3,0.004
E01003276,3,0.018
E01003277,3,0.001
E01003278,3,0.001
E01003279,3,0.001
E01003280,0,0.149
E01003281,4,0.035
E01003282,3,0.017
E01003283,3,0.008
E01003284,0,0.076
E01003285,0,0.123
E01003286,3,0.025
E01003287,0,0.051
E01003288,3,0.007
E01003290,3,0.046
E01003291,0,0.101
E01003292,0,0.105
E01003293,0,0.255
E01003295,0,0.102
E01003296,3,0.001
E01003297,3,0.002
E01003298,3,0.015
E01003299,3,0.001
E01003300,3,0.003
E01003301,3,0.008
E01003302,3,0.014
E01003303,3,0.001
E01003304,3,0.008
E01003314,0,0.111
E01003315,0,0.078
E01003316,0,0.314
E01003317,3,0.032
E01003318,0,0.059
E01003319,0,0.182
E01003320,0,0.311
E01003321,3,0.017
E01003322,0,0.15
E01003323,0,0.284
E01003324,0,0.117
E01003325,0,0.276
E01003326,0,0.226
E01003327,0,0.151
E01003328,0,0.086
E01003329,3,0.009
E01003330,3,0.001
E01003331,4,0.001
E01003332,3,0.025
E01003333,0,0.253
E01003334,0,0.228
E01003335,0,0.241
E01003336,3,0.005
E01003337,3,0.003
E01003338,3,0.001
E01003339,3,0.001
E01003340,3,0.001
E01003341,3,0.004
E01003342,3,0.001
E01003343,3,0.001
E01003344,3,0.004
E01003345,3,0.001
E01003346,0,0.331
E01003347,0,0.414
E01003348,0,0.263
E01003349,0,0.391
E01003350,0,0.429
E01003351,0,0.378
E01003352,3,0.048
E01003353,0,0.133
E01003354,0,0.326
E01003355,0,0.21
E01003356,0,0.331
E01003357,0,0.496
E01003358,0,0.219
E01003359,0,0.444
E01003360,0,0.338
E01003361,0,0.19
E01003362,0,0.155
E01003363,0,0.248
E01003364,0,0.22
E01003365,0,0.423
E01003366,0,0.069
E01003367,0,0.368
E01003368,0,0.475
E01003369,0,0.056
E01003370,0,0.48
E01003371,0,0.302
E01003372,0,0.174
E01003373,0,0.193
E01003374,0,0.282
E01003375,0,0.338
E01003376,0,0.305
E01003377,0,0.318
E01003378,0,0.335
E01003379,0,0.455
E01003380,0,0.263
E01003381,0,0.337
E01003382,0,0.201
E01003383,0,0.391
E01003384,0,0.272
E01003385,0,0.342
E01003386,0,0.117
E01003387,0,0.454
E01003388,0,0.248
E01003389,0,0.161
E01003390,0,0.297
E01003391,0,0.206
E01003392,1,0.024
E01003393,0,0.066
E01003394,1,0.019
E01003395,0,0.231
E01003396,0,0.086
E01003397,0,0.126
E01003398,0,0.086
E01003399,0,0.269
E01003400,0,0.328
E01003401,0,0.43
E01003402,0,0.204
E01003403,0,0.301
E01003404,0,0.407
E01003405,0,0.362
E01003406,0,0.321
E01003407,0,0.401
E01003408,0,0.469
E01003409,0,0.249
E01003410,0,0.431
E01003411,0,0.389
E01003412,0,0.27
E01003413,0,0.236
E01003414,0,0.293
E01003415,0,0.383
E01003416,0,0.489
E01003417,1,0.002
E01003418,1,0.008
E01003419,1,0.005
E01003420,1,0.002
E01003421,0,0.068
E01003422,1,0.023
E01003423,0,0.181
E01003424,0,0.299
E01003425,0,0.356
E01003426,0,0.224
E01003427,0,0.287
E01003428,0,0.078
E01003429,0,0.235
E01003430,2,0.023
E01003431,0,0.074
E01003432,0,0.103
E01003433,1,0.043
E01003434,0,0.425
E01003435,0,0.251
E01003436,0,0.254
E01003437,0,0.489
E01003438,0,0.192
E01003439,0,0.393
E01003440,0,0.242
E01003441,0,0.158
E01003442,0,0.465
E01003443,0,0.461
E01003444,0,0.202
E01003445,0,0.468
E01003446,0,0.152
E01003447,0,0.143
E01003448,0,0.171
E01003449,0,0.332
E01003450,0,0.298
E01003451,2,0.008
E01003452,2,0.036
E01003453,0,0.344
E01003454,0,0.152
E01003455,0,0.294
E01003456,0,0.101
E01003457,0,0.235
E01003458,0,0.358
E01003459,0,0.433
E01003460,0,0.211
E01003461,0,0.271
E01003462,0,0.27
E01003463,0,0.171
E01003464,3,0.015
E01003465,0,0.34
E01003466,0,0.362
E01003467,0,0.203
E01003468,1,0.033
E01003469,1,0.009
E01003470,0,0.286
E01003471,0,0.123
E01003472,0,0.065
E01003473,0,0.318
E01003474,0,0.31
E01003475,0,0.446
E01003476,0,0.468
E01003477,0,0.24
E01003478,0,0.09
E01003479,3,0.003
E01003480,3,0.005
E01003481,3,0.001
E01003482,3,0.001
E01003483,3,0.012
E01003484,3,0.001
E01003485,3,0.007
E01003486,3,0.001
E01003487,3,0.001
E01003488,0,0.234
E01003489,0,0.479
E01003490,0,0.325
E01003491,0,0.403
E01003492,0,0.287
E01003493,0,0.083
E01003494,0,0.329
E01003495,0,0.453
E01003496,3,0.015
E01003497,4,0.001
E01003498,3,0.032
E01003499,3,0.022
E01003500,3,0.001
E01003501,3,0.027
E01003502,0,0.06
E01003503,0,0.189
E01003506,3,0.04
E01003507,0,0.091
E01003508,0,0.109
E01003509,0,0.226
E01003511,4,0.035
E01003512,0,0.098
E01003513,3,0.001
E01003514,3,0.03
E01003515,3,0.001
E01003516,0,0.175
E01003517,0,0.211
E01003518,3,0.035
E01003519,0,0.1
E01003520,1,0.007
E01003521,1,0.043
E01003522,0,0.148
E01003523,0,0.066
E01003524,0,0.236
E01003525,0,0.31
E01003526,0,0.356
E01003527,0,0.358
E01003528,0,0.21
E01003529,0,0.083
E01003530,0,0.059
E01003531,2,0.047
E01003532,0,0.079
E01003533,0,0.06
E01003534,1,0.023
E01003535,3,0.012
E01003536,3,0.031
E01003537,0,0.487
E01003538,0,0.41
E01003539,0,0.37
E01003540,3,0.019
E01003541,0,0.091
E01003542,0,0.456
E01003543,0,0.433
E01003544,0,0.088
E01003545,0,0.158
E01003546,0,0.28
E01003547,0,0.272
E01003548,0,0.199
E01003549,0,0.053
E01003550,0,0.149
E01003551,0,0.328
E01003552,0,0.464
E01003553,0,0.137
E01003554,4,0.018
E01003555,0,0.184
E01003556,0,0.388
E01003557,0,0.143
E01003558,0,0.269
E01003559,0,0.169
E01003560,1,0.038
E01003561,0,0.083
E01003562,1,0.002
E01003563,1,0.016
E01003564,1,0.016
E01003565,0,0.218
E01003566,0,0.188
E01003567,0,0.153
E01003568,0,0.201
E01003569,0,0.087
E01003570,0,0.083
E01003571,1,0.012
E01003572,1,0.03
E01003573,1,0.04
E01003574,0,0.21
E01003575,0,0.056
E01003576,3,0.04
E01003577,0,0.301
E01003578,0,0.303
E01003579,0,0.195
E01003580,0,0.479
E01003581,0,0.371
E01003582,0,0.275
E01003583,0,0.068
E01003584,0,0.147
E01003585,0,0.278
E01003586,0,0.192
E01003587,0,0.284
E01003588,0,0.146
E01003589,0,0.06
E01003590,0,0.057
E01003591,3,0.044
E01003592,0,0.395
E01003593,3,0.009
E01003594,3,0.005
E01003595,0,0.056
E01003596,0,0.295
E01003597,0,0.488
E01003598,0,0.417
E01003599,0,0.424
E01003600,0,0.088
E01003601,0,0.238
E01003602,3,0.03
E01003603,0,0.451
E01003604,3,0.031
E01003605,0,0.342
E01003606,0,0.21
E01003607,3,0.04
E01003608,0,0.299
E01003609,3,0.002
E01003611,3,0.005
E01003615,3,0.02
E01003616,4,0.001
E01003617,3,0.006
E01003618,3,0.025
E01003619,3,0.001
E01003621,0,0.277
E01003622,0,0.338
E01003623,0,0.464
E01003624,0,0.332
E01003625,0,0.053
E01003626,0,0.105
E01003627,1,0.029
E01003628,0,0.054
E01003629,1,0.033
E01003630,3,0.039
E01003631,3,0.033
E01003632,0,0.086
E01003633,3,0.031
E01003634,3,0.012
E01003635,0,0.409
E01003636,3,0.046
E01003637,4,0.005
E01003638,1,0.016
E01003639,0,0.121
E01003640,0,0.352
E01003641,0,0.336
E01003642,0,0.166
E01003643,0,0.052
E01003644,1,0.034
E01003645,2,0.002
E01003646,0,0.1
E01003647,0,0.075
E01003648,1,0.011
E01003649,1,0.003
E01003650,1,0.002
E01003651,1,0.01
E01003652,1,0.002
E01003653,1,0.003
E01003654,0,0.286
E01003655,0,0.386
E01003657,4,0.009
E01003658,0,0.416
E01003659,0,0.206
E01003661,0,0.26
E01003662,0,0.311
E01003663,1,0.034
E01003664,1,0.019
E01003665,0,0.111
E01003666,0,0.081
E01003668,0,0.209
E01003669,0,0.069
E01003670,0,0.129
E01003671,0,0.499
E01003672,0,0.331
E01003673,4,0.021
E01003674,0,0.146
E01003675,0,0.111
E01003676,0,0.075
E01003677,0,0.258
E01003678,1,0.003
E01003679,1,0.002
E01003680,1,0.007
E01003681,2,0.002
E01003682,0,0.136
E01003683,1,0.002
E01003684,0,0.098
E01003685,1,0.002
E01003686,1,0.004
E01003688,1,0.009
E01003689,1,0.022
E01003690,2,0.003
E01003691,0,0.173
E01003692,0,0.086
E01003693,0,0.308
E01003694,1,0.022
E01003695,1,0.003
E01003696,1,0.017
E01003697,0,0.191
E01003698,0,0.072
E01003699,0,0.482
E01003700,0,0.325
E01003701,0,0.365
E01003703,0,0.324
E01003704,0,0.173
E01003705,0,0.151
E01003706,0,0.231
E01003707,1,0.011
E01003708,0,0.091
E01003709,1,0.036
E01003710,0,0.056
E01003711,1,0.005
E01003712,1,0.002
E01003713,1,0.04
E01003714,1,0.009
E01003715,1,0.004
E01003716,0,0.101
E01003718,0,0.126
E01003719,1,0.002
E01003720,0,0.307
E01003721,0,0.185
E01003722,0,0.303
E01003723,0,0.403
E01003726,0,0.19
E01003727,0,0.279
E01003728,0,0.234
E01003729,1,0.012
E01003730,1,0.004
E01003731,1,0.002
E01003732,0,0.361
E01003733,0,0.454
E01003734,0,0.261
E01003735,2,0.037
E01003736,0,0.405
E01003737,1,0.01
E01003738,0,0.228
E01003739,0,0.062
E01003740,2,0.009
E01003741,0,0.166
E01003742,1,0.029
E01003743,0,0.078
E01003746,0,0.15
E01003748,0,0.48
E01003749,0,0.15
E01003750,0,0.326
E01003751,2,0.025
E01003752,1,0.038
E01003753,1,0.031
E01003754,1,0.019
E01003755,1,0.003
E01003756,1,0.005
E01003757,0,0.051
E01003758,2,0.009
E01003759,0,0.121
E01003760,0,0.391
E01003761,0,0.389
E01003762,0,0.466
E01003763,0,0.197
E01003764,0,0.266
E01003765,0,0.253
E01003766,1,0.01
E01003767,1,0.003
E01003768,1,0.002
E01003769,1,0.012
E01003770,0,0.195
E01003771,1,0.031
E01003772,1,0.014
E01003773,0,0.477
E01003774,0,0.142
E01003775,0,0.177
E01003776,3,0.002
E01003777,4,0.039
E01003778,3,0.016
E01003779,3,0.012
E01003780,4,0.007
E01003781,1,0.041
E01003782,0,0.193
E01003783,0,0.191
E01003784,0,0.101
E01003785,0,0.135
E01003786,0,0.115
E01003787,0,0.124
E01003788,0,0.114
E01003789,0,0.062
E01003790,0,0.087
E01003791,0,0.123
E01003792,4,0.003
E01003793,3,0.023
E01003794,0,0.245
E01003795,0,0.115
E01003796,0,0.135
E01003797,0,0.433
E01003798,0,0.487
E01003799,0,0.375
E01003800,0,0.451
E01003801,0,0.247
E01003802,0,0.493
E01003803,0,0.169
E01003804,0,0.453
E01003805,0,0.068
E01003806,3,0.003
E01003807,1,0.022
E01003808,0,0.052
E01003809,0,0.345
E01003810,0,0.199
E01003811,0,0.434
E01003812,0,0.135
E01003813,0,0.364
E01003814,0,0.232
E01003815,0,0.069
E01003816,3,0.015
E01003817,0,0.119
E01003818,0,0.124
E01003819,3,0.026
E01003820,0,0.155
E01003821,3,0.05
E01003822,0,0.349
E01003824,0,0.076
E01003828,0,0.103
E01003829,0,0.169
E01003830,1,0.042
E01003831,1,0.026
E01003832,1,0.042
E01003833,0,0.131
E01003834,3,0.041
E01003835,0,0.408
E01003836,0,0.3
E01003837,0,0.366
E01003838,0,0.474
E01003839,0,0.121
E01003840,0,0.112
E01003841,2,0.05
E01003842,1,0.027
E01003843,0,0.447
E01003844,1,0.009
E01003845,0,0.112
E01003846,4,0.036
E01003847,0,0.191
E01003848,0,0.21
E01003849,0,0.113
E01003851,4,0.016
E01003852,0,0.18
E01003853,0,0.419
E01003854,0,0.11
E01003855,0,0.228
E01003856,0,0.058
E01003857,0,0.468
E01003858,1,0.018
E01003859,0,0.206
E01003860,0,0.143
E01003861,0,0.34
E01003862,0,0.199
E01003863,0,0.436
E01003864,0,0.141
E01003865,0,0.488
E01003866,0,0.188
E01003867,0,0.169
E01003868,0,0.374
E01003869,0,0.151
E01003870,2,0.024
E01003871,0,0.293
E01003872,0,0.36
E01003873,0,0.309
E01003874,0,0.481
E01003875,0,0.254
E01003876,0,0.229
E01003877,0,0.262
E01003878,0,0.112
E01003879,0,0.15
E01003880,0,0.34
E01003881,0,0.221
E01003882,0,0.152
E01003883,0,0.059
E01003884,0,0.202
E01003885,0,0.089
E01003886,0,0.191
E01003887,0,0.416
E01003888,0,0.379
E01003889,0,0.191
E01003890,0,0.449
E01003891,0,0.407
E01003892,0,0.13
E01003893,0,0.255
E01003894,0,0.497
E01003895,0,0.121
E01003896,0,0.251
E01003897,0,0.454
E01003898,0,0.105
E01003899,0,0.21
E01003900,2,0.024
E01003901,1,0.018
E01003902,0,0.194
E01003903,0,0.086
E01003904,1,0.005
E01003905,1,0.003
E01003906,1,0.012
E01003907,0,0.055
E01003908,1,0.002
E01003909,1,0.007
E01003910,1,0.01
E01003911,0,0.163
E01003912,3,0.04
E01003913,3,0.021
E01003914,3,0.031
E01003915,0,0.111
E01003916,3,0.031
E01003917,3,0.028
E01003918,0,0.08
E01003919,3,0.025
E01003920,0,0.091
E01003921,0,0.153
E01003922,0,0.07
E01003923,3,0.008
E01003924,3,0.028
E01003925,4,0.027
E01003926,3,0.012
E01003927,0,0.2
E01003929,1,0.002
E01003930,0,0.123
E01003932,3,0.029
E01003933,3,0.037
E01003934,2,0.002
E01003935,2,0.002
E01003936,3,0.028
E01003937,3,0.009
E01003938,3,0.008
E01003939,3,0.011
E01003940,3,0.031
E01003941,0,0.053
E01003942,3,0.004
E01003943,3,0.004
E01003945,3,0.001
E01003946,3,0.004
E01003947,3,0.008
E01003948,3,0.001
E01003949,3,0.007
E01003950,3,0.031
E01003951,3,0.035
E01003952,0,0.063
E01003953,0,0.241
E01003954,0,0.206
E01003955,0,0.49
E01003956,0,0.135
E01003957,4,0.031
E01003958,0,0.43
E01003960,3,0.035
E01003961,0,0.057
E01003963,0,0.14
E01003964,3,0.002
E01003966,3,0.023
E01003967,0,0.075
E01003968,0,0.081
E01003969,3,0.013
E01003970,3,0.013
E01003971,3,0.02
E01003972,3,0.042
E01003973,0,0.076
E01003974,0,0.055
E01003975,3,0.007
E01003976,3,0.027
E01003977,3,0.031
E01003978,0,0.137
E01003979,3,0.018
E01003980,3,0.012
E01003981,0,0.144
E01003983,3,0.04
E01003984,3,0.018
E01003986,3,0.002
E01003987,3,0.03
E01003988,3,0.045
E01003989,3,0.022
E01003990,3,0.023
E01003991,3,0.021
E01003992,3,0.039
E01003993,3,0.021
E01003994,3,0.048
E01003995,4,0.011
E01003997,0,0.067
E01003998,4,0.029
E01003999,0,0.067
E01004000,3,0.007
E01004001,3,0.001
E01004002,3,0.001
E01004003,3,0.003
E01004004,3,0.002
E01004005,3,0.035
E01004006,3,0.016
E01004007,3,0.036
E01004008,0,0.078
E01004010,3,0.037
E01004011,3,0.019
E01004012,3,0.002
E01004013,3,0.033
E01004014,3,0.029
E01004015,3,0.032
E01004016,3,0.001
E01004017,3,0.001
E01004018,3,0.007
E01004019,3,0.004
E01004020,3,0.001
E01004021,0,0.333
E01004022,3,0.027
E01004023,3,0.003
E01004024,3,0.001
E01004027,2,0.002
E01004028,0,0.074
E01004029,3,0.001
E01004030,3,0.001
E01004031,3,0.001
E01004032,3,0.006
E01004033,3,0.001
E01004034,3,0.001
E01004035,3,0.001
E01004036,3,0.001
E01004037,3,0.011
E01004038,0,0.069
E01004039,0,0.144
E01004040,0,0.051
E01004041,3,0.032
E01004042,3,0.02
E01004043,0,0.123
E01004044,0,0.075
E01004045,0,0.118
E01004046,0,0.379
E01004047,3,0.046
E01004048,0,0.163
E01004049,3,0.049
E01004050,0,0.255
E01004051,3,0.03
E01004052,0,0.079
E01004053,3,0.001
E01004054,3,0.004
E01004055,3,0.004
E01004056,3,0.002
E01004057,3,0.001
E01004058,3,0.001
E01004059,3,0.001
E01004060,3,0.001
E01004061,0,0.106
E01004062,0,0.284
E01004063,0,0.413
E01004064,3,0.03
E01004065,0,0.223
E01004066,0,0.105
E01004067,3,0.039
E01004068,3,0.002
E01004069,0,0.09
E01004070,0,0.248
E01004071,0,0.446
E01004072,0,0.314
E01004073,0,0.162
E01004074,0,0.061
E01004075,0,0.088
E01004076,1,0.008
E01004077,1,0.002
E01004078,1,0.048
E01004079,1,0.002
E01004080,0,0.052
E01004081,1,0.002
E01004082,1,0.015
E01004083,0,0.191
E01004084,1,0.002
E01004085,1,0.04
E01004086,1,0.002
E01004087,1,0.005
E01004088,0,0.192
E01004089,0,0.189
E01004090,0,0.126
E01004092,0,0.154
E01004093,0,0.248
E01004095,1,0.017
E01004096,0,0.171
E01004097,1,0.002
E01004098,1,0.011
E01004099,1,0.019
E01004100,1,0.005
E01004101,1,0.002
E01004102,1,0.004
E01004103,1,0.002
E01004104,1,0.002
E01004105,1,0.002
E01004106,1,0.015
E01004107,1,0.009
E01004110,1,0.004
E01004115,1,0.002
E01004118,1,0.001
E01004119,1,0.002
E01004122,1,0.006
E01004123,1,0.004
E01004124,0,0.059
E01004125,1,0.003
E01004126,1,0.008
E01004127,1,0.002
E01004128,1,0.002
E01004129,0,0.128
E01004130,1,0.002
E01004131,1,0.002
E01004132,1,0.002
E01004133,1,0.002
E01004134,1,0.002
E01004135,1,0.012
E01004136,1,0.002
E01004137,0,0.116
E01004138,1,0.002
E01004139,1,0.024
E01004140,0,0.113
E01004141,0,0.063
E01004142,2,0.021
E01004143,0,0.063
E01004144,1,0.014
E01004145,1,0.036
E01004146,1,0.047
E01004147,1,0.002
E01004148,1,0.039
E01004149,1,0.034
E01004150,0,0.298
E01004151,0,0.152
E01004152,0,0.405
E01004153,0,0.155
E01004154,1,0.042
E01004155,0,0.213
E01004156,0,0.267
E01004157,1,0.02
E01004158,1,0.025
E01004159,1,0.005
E01004160,1,0.002
E01004161,1,0.002
E01004162,0,0.087
E01004163,1,0.002
E01004164,0,0.109
E01004165,1,0.002
E01004166,0,0.124
E01004167,1,0.002
E01004168,1,0.002
E01004169,0,0.054
E01004170,1,0.003
E01004171,1,0.019
E01004172,1,0.003
E01004173,1,0.004
E01004174,1,0.002
E01004175,0,0.114
E01004176,0,0.094
E01004177,2,0.008
E01004178,1,0.008
E01004179,1,0.004
E01004180,1,0.04
E01004181,1,0.007
E01004182,1,0.002
E01004183,1,0.035
E01004184,0,0.17
E01004185,0,0.112
E01004186,0,0.204
E01004187,1,0.01
E01004188,0,0.093
E01004189,0,0.154
E01004190,1,0.014
E01004191,1,0.002
E01004192,0,0.168
E01004193,2,0.004
E01004194,1,0.008
E01004195,0,0.065
E01004196,1,0.002
E01004197,0,0.071
E01004198,0,0.194
E01004199,0,0.218
E01004200,0,0.299
E01004201,3,0.007
E01004202,0,0.057
E01004203,0,0.132
E01004204,0,0.28
E01004205,3,0.019
E01004206,4,0.02
E01004207,0,0.051
E01004208,3,0.047
E01004209,3,0.031
E01004211,0,0.132
E01004212,0,0.11
E01004214,3,0.004
E01004215,3,0.001
E01004216,3,0.001
E01004217,3,0.001
E01004218,3,0.007
E01004219,3,0.005
E01004221,3,0.001
E01004222,3,0.001
E01004223,3,0.001
E01004224,3,0.001
E01004225,3,0.004
E01004226,3,0.017
E01004228,3,0.001
E01004229,3,0.001
E01004230,3,0.001
E01004231,3,0.002
E01004232,3,0.001
E01004233,3,0.001
E01004234,3,0.001
E01004288,3,0.001
E01004289,3,0.006
E01004290,3,0.006
E01004291,3,0.003
E01004235,3,0.012
E01004236,3,0.004
E01004237,3,0.001
E01004238,3,0.002
E01004239,3,0.001
E01004240,3,0.03
E01004241,3,0.001
E01004242,3,0.001
E01004243,3,0.009
E01004244,3,0.001
E01004245,3,0.035
E01004246,3,0.001
E01004247,3,0.001
E01004248,3,0.001
E01004249,0,0.051
E01004250,3,0.001
E01004251,3,0.002
E01004252,3,0.001
E01004253,3,0.001
E01004254,3,0.002
E01004255,3,0.001
E01004256,3,0.048
E01004257,3,0.002
E01004258,3,0.05
E01004259,0,0.059
E01004260,3,0.034
E01004261,3,0.005
E01004262,3,0.002
E01004263,0,0.138
E01004264,3,0.001
E01004266,4,0.027
E01004267,3,0.001
E01004268,3,0.003
E01004269,3,0.001
E01004270,3,0.001
E01004271,3,0.001
E01004272,3,0.004
E01004273,3,0.001
E01004274,3,0.002
E01004275,3,0.001
E01004276,3,0.001
E01004277,4,0.001
E01004280,3,0.002
E01004281,3,0.001
E01004283,3,0.01
E01004284,3,0.001
E01004285,3,0.001
E01004286,3,0.002
E01004287,0,0.1
E01004292,3,0.049
E01004293,2,0.002
E01004294,0,0.167
E01004295,0,0.241
E01004296,0,0.07
E01004297,3,0.002
E01004298,3,0.021
E01004300,3,0.04
E01004301,3,0.012
E01004302,0,0.089
E01004303,3,0.049
E01004304,0,0.4
E01004305,3,0.035
E01004306,4,0.049
E01004307,2,0.001
E01004308,0,0.063
E01004309,0,0.335
E01004310,0,0.248
E01004311,0,0.174
E01004312,0,0.187
E01004313,0,0.27
E01004314,0,0.256
E01004315,0,0.26
E01004316,0,0.122
E01004317,0,0.496
E01004318,0,0.185
E01004319,0,0.305
E01004321,0,0.308
E01004322,0,0.059
E01004323,0,0.364
E01004324,3,0.04
E01004325,0,0.297
E01004326,0,0.289
E01004327,0,0.416
E01004328,0,0.396
E01004329,0,0.495
E01004330,0,0.436
E01004331,0,0.258
E01004332,0,0.34
E01004333,0,0.123
E01004334,0,0.269
E01004335,0,0.187
E01004336,3,0.007
E01004337,3,0.025
E01004338,0,0.161
E01004339,0,0.124
E01004340,0,0.259
E01004341,0,0.203
E01004342,0,0.058
E01004343,0,0.334
E01004344,0,0.251
E01004345,0,0.131
E01004346,0,0.128
E01004347,0,0.144
E01004348,0,0.067
E01004350,0,0.434
E01004351,0,0.361
E01004354,0,0.456
E01004355,0,0.18
E01004356,0,0.378
E01004357,0,0.433
E01004358,0,0.165
E01004359,0,0.154
E01004360,0,0.377
E01004361,0,0.437
E01004362,3,0.003
E01004363,3,0.008
E01004364,0,0.112
E01004365,0,0.499
E01004366,0,0.165
E01004367,0,0.135
E01004368,4,0.04
E01004369,0,0.437
E01004370,0,0.33
E01004371,0,0.301
E01004372,0,0.393
E01004373,0,0.148
E01004374,0,0.329
E01004375,0,0.371
E01004376,0,0.105
E01004377,3,0.049
E01004378,3,0.017
E01004379,0,0.246
E01004380,0,0.058
E01004381,0,0.07
E01004382,0,0.489
E01004383,3,0.012
E01004384,0,0.366
E01004385,0,0.175
E01004386,0,0.363
E01004387,0,0.346
E01004388,0,0.205
E01004389,0,0.229
E01004390,0,0.195
E01004391,3,0.009
E01004392,3,0.042
E01004393,0,0.166
E01004394,3,0.049
E01004395,3,0.026
E01004396,4,0.042
E01004397,0,0.3
E01004398,0,0.149
E01004399,0,0.261
E01004400,0,0.1
E01004401,3,0.002
E01004402,0,0.063
E01004403,0,0.169
E01004404,0,0.211
E01004405,0,0.348
E01004406,0,0.477
E01004407,0,0.161
E01004408,4,0.04
E01004409,0,0.148
E01004410,0,0.232
E01004411,0,0.185
E01004412,0,0.377
E01004413,0,0.248
E01004414,0,0.208
E01004415,0,0.493
E01004416,0,0.42
E01004417,0,0.359
E01004418,0,0.468
E01004419,0,0.332
E01004420,0,0.275
E01004421,0,0.285
E01004422,3,0.002
E01004423,0,0.33
E01004424,0,0.456
E01004425,0,0.185
E01004426,0,0.305
E01004427,3,0.036
E01004428,0,0.181
E01004429,3,0.008
E01004430,3,0.002
E01004432,0,0.218
E01004434,3,0.011
E01004435,0,0.115
E01004436,3,0.008
E01004437,3,0.047
E01004438,3,0.026
E01004439,0,0.287
E01004440,0,0.208
E01004441,0,0.057
E01004442,3,0.015
E01004443,0,0.256
E01004444,0,0.138
E01004445,0,0.078
E01004446,0,0.1
E01004447,0,0.387
E01004448,0,0.086
E01004449,0,0.266
E01004450,0,0.118
E01004451,0,0.163
E01004452,0,0.284
E01004453,0,0.163
E01004454,0,0.205
E01004455,0,0.497
E01004456,0,0.331
E01004457,0,0.247
E01004458,0,0.178
E01004459,0,0.133
E01004460,0,0.146
E01004461,3,0.016
E01004462,0,0.236
E01004463,0,0.209
E01004464,0,0.075
E01004465,0,0.257
E01004466,0,0.202
E01004467,3,0.034
E01004468,3,0.001
E01004469,3,0.005
E01004470,4,0.008
E01004471,3,0.012
E01004472,0,0.353
E01004473,0,0.174
E01004474,0,0.087
E01004475,0,0.265
E01004476,0,0.456
E01004477,0,0.206
E01004478,0,0.095
E01004479,1,0.019
E01004480,0,0.385
E01004481,0,0.077
E01004482,0,0.488
E01004483,0,0.417
E01004484,0,0.065
E01004485,0,0.217
E01004486,0,0.317
E01004487,0,0.285
E01004488,0,0.198
E01004489,0,0.379
E01004490,0,0.407
E01004491,0,0.262
E01004492,0,0.132
E01004493,0,0.161
E01004494,0,0.255
E01004495,0,0.271
E01004496,0,0.063
E01004497,0,0.345
E01004498,0,0.093
E01004499,0,0.434
E01004500,3,0.011
E01004501,0,0.129
E01004502,0,0.238
E01004503,0,0.065
E01004504,0,0.302
E01004505,3,0.001
E01004506,0,0.28
E01004507,0,0.248
E01004508,0,0.369
E01004509,0,0.117
E01004510,0,0.246
E01004511,0,0.098
E01004512,0,0.093
E01004513,0,0.384
E01004514,0,0.262
E01004515,0,0.159
E01004516,0,0.493
E01004517,0,0.24
E01004518,0,0.364
E01004519,0,0.086
E01004520,0,0.147
E01004521,0,0.387
E01004522,0,0.104
E01004523,0,0.159
E01004524,3,0.015
E01004525,1,0.021
E01004526,0,0.453
E01004527,1,0.037
E01004528,2,0.004
E01004529,0,0.125
E01004530,0,0.445
E01004531,1,0.002
E01004532,0,0.2
E01004533,1,0.017
E01004534,0,0.321
E01004535,3,0.015
E01004536,0,0.256
E01004537,3,0.005
E01004538,0,0.092
E01004539,3,0.039
E01004540,0,0.197
E01004541,3,0.028
E01004542,0,0.068
E01004543,0,0.121
E01004544,0,0.135
E01004545,0,0.131
E01004546,0,0.412
E01004547,0,0.242
E01004548,2,0.008
E01004549,0,0.234
E01004550,1,0.025
E01004551,0,0.091
E01004552,0,0.135
E01004553,0,0.297
E01004554,0,0.126
E01004555,1,0.044
E01004556,0,0.151
E01004557,0,0.1
E01004558,1,0.033
E01004559,0,0.051
E01004560,0,0.11
E01004562,3,0.049
E01004563,0,0.13
E01004564,0,0.282
E01004565,0,0.348
E01004566,4,0.005
E01004567,0,0.482
E01004568,3,0.001
E01004569,3,0.001
E01004570,3,0.005
E01004571,3,0.001
E01004572,3,0.001
E01004573,3,0.003
E01004574,3,0.001
E01004575,3,0.02
E01004576,0,0.051
E01004577,4,0.023
E01004579,0,0.196
E01004580,0,0.356
E01004581,0,0.142
E01004582,3,0.033
E01004583,0,0.143
E01004584,0,0.431
E01004585,1,0.029
E01004586,0,0.165
E01004587,0,0.48
E01004588,0,0.332
E01004589,0,0.164
E01004590,0,0.162
E01004591,0,0.153
E01004592,0,0.116
E01004593,0,0.491
E01004594,0,0.231
E01004595,0,0.103
E01004596,0,0.221
E01004597,0,0.055
E01004598,0,0.24
E01004599,0,0.069
E01004600,0,0.138
E01004601,0,0.23
E01004602,0,0.057
E01004604,0,0.424
E01004605,0,0.082
E01004606,0,0.3
E01004607,0,0.458
E01004608,0,0.409
E01004609,0,0.16
E01004610,0,0.297
E01004611,1,0.038
E01004612,1,0.019
E01004613,0,0.13
E01004614,0,0.137
E01004615,0,0.092
E01004616,0,0.432
E01004617,0,0.287
E01004618,0,0.158
E01004619,0,0.366
E01004620,0,0.063
E01004621,0,0.231
E01004622,0,0.434
E01004623,0,0.072
E01004624,0,0.211
E01004625,0,0.495
E01004626,0,0.118
E01004627,0,0.076
E01004628,0,0.147
E01004629,0,0.224
E01004630,3,0.03
E01004631,3,0.003
E01004632,0,0.316
E01004633,0,0.075
E01004634,3,0.011
E01004635,3,0.028
E01004636,3,0.016
E01004637,0,0.083
E01004638,4,0.027
E01004639,0,0.326
E01004640,0,0.279
E01004641,3,0.045
E01004642,3,0.022
E01004643,3,0.006
E01004644,3,0.001
E01004645,3,0.029
E01004646,3,0.003
E01004647,4,0.008
E01004648,3,0.013
E01004649,3,0.017
E01004650,3,0.016
E01004651,0,0.141
E01004652,0,0.127
E01004653,0,0.495
E01004654,0,0.366
E01004656,3,0.017
E01004657,0,0.486
E01004658,0,0.236
E01004659,3,0.008
E01004660,3,0.009
E01004661,0,0.14
E01004662,0,0.106
E01004663,0,0.299
E01004665,0,0.323
E01004666,0,0.409
E01004667,0,0.347
E01004668,0,0.481
E01004669,0,0.122
E01004670,3,0.007
E01004674,0,0.09
E01004675,0,0.133
E01004676,4,0.025
E01004677,0,0.149
E01004678,0,0.22
E01004679,0,0.154
E01004680,0,0.171
E01004681,3,0.031
E01004682,0,0.105
E01004683,4,0.039
E01004684,0,0.271
E01004686,0,0.357
E01004687,0,0.479
E01004688,0,0.119
E01004689,0,0.399
E01004690,0,0.495
E01004691,0,0.083
E01004692,3,0.001
E01004693,0,0.167
E01004694,3,0.001
E01004695,3,0.025
E01004696,0,0.135
E01004697,3,0.016
E01004698,3,0.019
E01004699,0,0.088
E01004700,0,0.232
E01004701,0,0.111
E01004702,0,0.149
E01004703,0,0.113
E01004705,0,0.133
E01004706,3,0.03
E01004707,0,0.149
E01004708,3,0.047
E01004709,3,0.003
E01004710,3,0.003
E01004711,3,0.017
E01004712,0,0.185
E01004713,1,0.023
E01004714,1,0.002
E01004715,0,0.078
E01004716,4,0.034
E01004717,0,0.375
E01004718,0,0.193
E01004719,0,0.197
E01004720,0,0.136
E01004721,0,0.413
E01004722,0,0.331
E01004723,0,0.174
E01004724,4,0.001
E01004725,3,0.006
E01004726,3,0.031
E01004727,3,0.039
E01004728,3,0.028
E01004729,0,0.178
E01004730,3,0.003
E01004731,1,0.002
E01004732,0,0.159
E01004733,0,0.054
E01004734,1,0.002
E01004735,0,0.074
E01004736,1,0.002
E01004737,3,0.009
E01004738,0,0.181
E01004739,0,0.341
E01004740,0,0.289
E01004741,0,0.319
E01004742,0,0.258
E01004743,0,0.223
E01004744,0,0.328
E01004745,3,0.01
E01004746,0,0.278
E01004747,0,0.279
E01004748,0,0.188
E01004749,0,0.11
E01004750,0,0.257
E01004751,0,0.415
E01004752,0,0.161
E01004753,0,0.421
E01004754,0,0.072
E01004755,3,0.03
E01004756,0,0.1
E01004757,3,0.007
E01004760,0,0.428
E01004761,1,0.002
E01004762,1,0.002
E01004763,1,0.002
E01004765,1,0.002
E01032512,3,0.038
E01032513,0,0.064
E01032562,0,0.495
E01032563,0,0.273
E01032564,0,0.431
E01032565,0,0.334
E01032566,0,0.144
E01032567,3,0.032
E01032568,0,0.119
E01032569,0,0.053
E01032572,0,0.337
E01032573,0,0.482
E01032574,0,0.256
E01032575,0,0.36
E01032576,1,0.004
E01032577,1,0.002
E01032579,3,0.001
E01032580,0,0.076
E01032581,0,0.066
E01032582,0,0.195
E01032583,0,0.195
E01032584,0,0.086
E01032637,0,0.471
E01032638,0,0.051
E01032639,0,0.097
E01032640,0,0.226
E01032646,0,0.117
E01032719,3,0.032
E01032720,3,0.001
E01032722,3,0.017
E01032739,0,0.188
E01032740,1,0.002
E01032741,0,0.321
E01032742,1,0.016
E01032743,0,0.111
E01032744,0,0.175
E01032764,3,0.001
E01032765,3,0.002
E01032766,0,0.388
E01032767,0,0.255
E01032768,3,0.011
E01032769,3,0.004
E01032770,3,0.001
E01032771,4,0.001
E01032772,3,0.001
E01032773,0,0.246
E01032774,3,0.001
E01032775,3,0.003
E01032776,3,0.001
E01032777,3,0.009
E01032778,3,0.005
E01032779,3,0.007
E01032780,3,0.004
E01032781,3,0.001
E01032782,0,0.4
E01032783,3,0.001
E01032784,3,0.013
E01032785,3,0.001
E01032786,3,0.001
E01032787,3,0.038
E01032788,0,0.271
E01032789,0,0.083
E01032790,0,0.075
E01032803,0,0.138
E01032805,3,0.008
E01032834,0,0.132
E01033000,0,0.111
E01033081,4,0.025
E01033082,0,0.083
E01033083,0,0.332
E01033084,0,0.431
E01033085,0,0.303
E01033086,0,0.467
E01033030,0,0.118
E01033093,0,0.389
E01033098,3,0.045
E01033099,3,0.027
E01033100,0,0.198
E01033101,0,0.131
E01033132,0,0.111
E01033133,3,0.022
E01033135,0,0.137
E01033146,0,0.497
E01033150,3,0.001
E01033151,0,0.145
E01033153,0,0.357
E01033207,3,0.019
E01033463,1,0.003
E01033464,0,0.306
E01033208,3,0.026
E01033320,0,0.243
E01033322,0,0.412
E01033324,3,0.001
E01033485,0,0.319
E01033486,0,0.236
E01033487,3,0.008
E01033488,3,0.009
E01033489,3,0.047
E01033490,0,0.405
E01033491,3,0.022
E01033492,0,0.26
E01033325,3,0.016
E01033327,3,0.001
E01033341,3,0.007
E01033424,0,0.279
E01033455,0,0.325
E01033456,0,0.444
E01033457,0,0.218
E01033493,0,0.455
E01033494,0,0.144
E01033568,0,0.293
E01033569,0,0.378
E01033570,0,0.253
E01033571,0,0.28
E01033572,3,0.028
E01033604,0,0.164
E01033605,0,0.458
E01033606,0,0.099
E01033607,0,0.107
E01033608,0,0.083
E01033573,3,0.036
E01033574,3,0.016
E01033575,3,0.001
E01033576,3,0.001
E01033577,3,0.001
E01033578,3,0.001
E01033579,3,0.001
E01033580,3,0.003
E01033581,3,0.001
E01033582,3,0.001
E01033583,3,0.001
E01033584,3,0.028
E01033585,0,0.063
E01033586,3,0.001
E01033587,3,0.041
E01033588,3,0.037
E01033589,2,0.023
E01033590,0,0.104
E01033591,0,0.058
E01033592,0,0.406
E01033593,0,0.163
E01033594,0,0.104
E01033595,1,0.002
E01033596,1,0.001
E01033597,0,0.288
E01033598,3,0.024
E01033599,0,0.451
E01033600,0,0.128
E01033601,0,0.275
E01033602,0,0.457
E01033603,0,0.465
E01033708,1,0.003
E01033709,3,0.001
E01033710,3,0.025
E01033711,3,0.026
E01033712,3,0.024
E01033713,3,0.022
E01033698,0,0.384
E01033699,4,0.021
E01033700,0,0.27
E01033701,3,0.048
E01033702,3,0.008
E01033703,3,0.049
E01033704,3,0.023
E01033705,3,0.007
E01033706,0,0.256
E01033707,3,0.03
E01033725,0,0.154
E01033726,0,0.221
E01033727,3,0.017
E01033728,3,0.001
